county,name,cbsa,blkgrps,population,households,land_acres,ht_ami,ht_80ami,ht_nmi,h_ami,h_80ami,h_nmi,t_ami,t_80ami,t_nmi,co2_per_hh_local,co2_per_acre_local,autos_per_hh_ami,autos_per_hh_80ami,autos_per_hh_nmi,vmt_per_hh_ami,vmt_per_hh_80ami,vmt_per_hh_nmi,pct_transit_commuters_ami,pct_transit_commuters_80ami,pct_transit_commuters_nmi,t_cost_ami,t_cost_80ami,t_cost_nmi,auto_ownership_cost_ami,auto_ownership_cost_80ami,auto_ownership_cost_nmi,vmt_cost_ami,vmt_cost_80ami,vmt_cost_nmi,transit_cost_ami,transit_cost_80ami,transit_cost_nmi,transit_trips_ami,transit_trips_80ami,transit_trips_nmi,compact_ndx,emp_ovrll_ndx,res_density,gross_hh_density,hh_gravity,frac_sfd,emp_gravity,emp_ndx,block_size,intersection_density,avg_block_perimeter_meters,h_cost,median_smoc,median_gross_rent,pct_owner_occupied_hu,pct_renter_occupied_hu
"""21001""","""Adair""","""""",15.00,18852.00,7048.00,259380.88,67,80,45,28,35,17,39,45,27,9.86,0.77,1.88,2,2,23532,21093,25050,1,1,1,13035,11951,14733,9693,8954,11176,3332,2986,3545,10,11,12,9,10,10,1.3,2.6,0.18,0.03,1873,69,1836,81,247,6,4673,785,847,474,74,26
"""21003""","""Allen""","""Bowling Green, KY""",15.00,20355.00,7774.00,220375.90,56,65,46,23,29,19,33,36,27,10.13,0.93,1.98,2,2,24364,21868,25193,0,0,0,14235,12546,14807,10780,9443,11233,3448,3096,3566,7,6,9,6,5,7,1.2,2.6,0.27,0.04,1911,74,2009,81,239,8,4481,843,864,553,73,27
"""21005""","""Anderson""","""Frankfort, KY""",13.00,21761.00,8446.00,129173.16,54,64,51,25,31,23,29,33,28,10.61,5.03,2.01,2,2,24031,21480,25180,0,0,0,14320,13085,14841,10919,10045,11276,3401,3040,3564,0,0,1,0,0,1,0.8,1.2,0.42,0.07,3385,80,3084,84,125,7,4048,1046,1107,697,77,23
"""21007""","""Ballard""","""Paducah, KY-IL""",8.00,8256.00,3288.00,157861.64,58,68,48,25,31,20,33,37,28,10.17,0.37,2.03,2,2,23945,21408,25578,1,1,1,14440,12741,15331,11037,9698,11695,3389,3031,3620,13,12,16,11,10,14,1.0,1.4,0.35,0.02,1014,76,1019,80,195,,4176,896,957,600,81,19
"""21009""","""Barren""","""Glasgow, KY""",34.00,42925.00,16979.00,312026.65,61,73,45,27,34,19,35,39,27,9.25,2.98,1.86,2,2,23377,20982,24737,0,0,0,12898,11795,14402,9585,8821,10897,3310,2971,3501,3,3,4,3,3,4,1.4,2.1,0.24,0.05,2851,71,4095,83,148,8,3970,836,848,560,67,33
"""21011""","""Bath""","""Mount Sterling, KY""",9.00,11978.00,4297.00,178430.08,64,77,46,27,34,18,37,43,28,9.21,0.24,1.92,2,2,23947,21351,25131,1,1,1,13334,12242,14846,9932,9207,11276,3390,3023,3557,12,11,14,10,10,12,1.9,1.6,0.22,0.02,1523,61,1469,81,273,6,3875,820,891,619,75,25
"""21013""","""Bell""","""Middlesborough, KY""",26.00,27950.00,11088.00,229760.04,84,98,41,36,45,15,49,53,26,8.48,2.97,1.56,1,2,20253,18120,24037,1,1,1,10956,9600,13972,8067,6949,10554,2867,2628,3402,21,24,16,18,20,13,2.5,1.9,0.53,0.05,2092,58,2054,81,122,11,3155,675,713,346,66,34
"""21015""","""Boone""","""Cincinnati, OH-KY-IN""",58.00,124617.00,44709.00,157520.20,52,62,53,28,35,29,24,27,25,10.15,12.45,1.86,2,2,23073,20445,23269,1,1,1,13425,12092,13459,10149,9190,10155,3266,2894,3293,11,9,11,9,7,9,1.4,5.9,0.85,0.28,8927,69,12199,86,79,18,3564,1282,1335,952,73,27
"""21017""","""Bourbon""","""Lexington-Fayette, KY""",18.00,20013.00,7867.00,185420.21,51,60,48,22,28,21,28,32,27,9.91,4.53,2.01,2,2,24208,21814,24739,0,0,0,14378,13179,14604,10952,10092,11102,3426,3087,3502,0,0,0,0,0,0,1.6,0.7,0.58,0.04,3359,76,3553,85,162,7,3834,947,984,667,62,38
"""21019""","""Boyd""","""Huntington-Ashland, WV-KY-OH""",37.00,48917.00,19383.00,102314.86,56,65,46,27,33,21,29,31,25,8.89,8.54,1.72,2,2,21747,19444,23222,1,1,1,12435,10748,13400,9347,7984,10103,3078,2753,3287,11,12,10,25,28,24,1.8,5.4,0.73,0.19,5407,75,7243,84,46,27,2676,946,1027,505,70,30
"""21021""","""Boyle""","""Danville, KY""",22.00,29388.00,11045.00,115465.05,62,73,47,29,37,21,32,37,26,9.21,4.79,1.78,2,2,22486,20144,24426,0,0,0,12394,11308,14113,9209,8454,10654,3184,2852,3457,1,2,1,1,1,1,1.8,2.5,0.65,0.10,3583,73,4810,84,83,14,2723,938,1056,571,66,34
"""21023""","""Bracken""","""Cincinnati, OH-KY-IN""",8.00,8425.00,3303.00,131591.82,48,57,49,21,26,21,27,31,28,9.97,0.88,2.09,2,2,24939,22238,25155,1,0,1,14913,13679,14935,11371,10525,11362,3530,3147,3560,12,7,12,10,6,11,1.2,2.0,0.17,0.03,1569,67,1540,81,372,4,5134,958,1079,506,76,24
"""21025""","""Breathitt""","""""",13.00,13591.00,5494.00,315145.59,83,99,45,37,46,18,46,52,27,8.88,0.71,1.70,2,2,21228,18849,24574,1,1,1,11783,10805,14398,8754,8112,10896,3006,2669,3478,24,24,24,20,21,21,1.7,3.3,0.20,0.02,1455,52,1453,80,357,3,5126,799,905,463,74,26
"""21027""","""Breckinridge""","""""",16.00,20061.00,7297.00,363009.69,56,65,46,23,29,19,33,36,28,10.15,0.47,2.00,2,2,24487,21802,25236,1,1,1,14367,12668,14967,10887,9569,11379,3466,3087,3572,14,12,16,12,10,14,1.1,2.6,0.16,0.02,1449,66,1423,80,302,6,4942,839,900,519,79,21
"""21029""","""Bullitt""","""Louisville/Jefferson County, KY-IN""",47.00,76961.00,28267.00,190096.77,54,64,51,27,33,25,27,31,26,10.43,7.64,1.93,2,2,23926,21266,24350,0,0,0,13871,12541,14091,10484,9531,10644,3386,3010,3446,0,0,0,0,0,0,1.2,5.0,0.73,0.15,6506,79,6606,85,94,11,4729,1132,1129,574,81,19
"""21031""","""Butler""","""Bowling Green, KY""",9.00,12835.00,5176.00,272696.00,56,65,46,23,28,18,33,37,28,9.73,0.34,2.02,2,2,24489,21967,25318,1,1,1,14479,12793,15045,11002,9673,11449,3466,3110,3584,11,10,13,9,9,11,0.9,2.2,0.18,0.02,1526,72,1452,81,309,5,5103,813,905,595,73,27
"""21033""","""Caldwell""","""""",12.00,12826.00,5293.00,220666.58,54,63,44,21,26,17,33,36,28,9.27,2.31,1.96,2,2,23534,21154,25068,0,0,0,14026,12370,14921,10690,9370,11367,3331,2995,3548,5,5,6,4,5,5,1.0,0.9,0.21,0.02,1723,77,1728,82,170,6,4216,748,739,566,71,29
"""21035""","""Calloway""","""Murray, KY""",31.00,38106.00,14834.00,246414.74,61,73,45,28,35,19,33,38,26,9.07,4.36,1.78,2,2,22310,19994,23950,0,0,0,12359,11269,13928,9195,8434,10532,3159,2831,3390,4,4,6,4,3,5,1.4,2.6,0.36,0.06,3232,64,4415,83,99,12,3266,860,953,461,63,37
"""21037""","""Campbell""","""Cincinnati, OH-KY-IN""",71.00,91475.00,35477.00,96844.05,47,56,49,24,30,25,23,26,24,8.94,17.14,1.79,2,2,21397,19028,21573,3,3,4,12817,11453,12858,9725,8699,9740,3028,2693,3053,64,61,65,52,50,53,1.7,6.1,1.05,0.37,11119,64,10761,85,53,31,3417,1115,1224,699,69,31
"""21039""","""Carlisle""","""""",5.00,4984.00,2059.00,121237.88,60,72,47,25,32,18,35,40,28,9.91,0.20,1.99,2,2,23716,21239,25523,1,1,1,13656,12562,15302,10281,9539,11669,3358,3007,3613,17,17,20,15,14,17,1.2,1.7,0.24,0.02,963,74,933,79,254,3,4262,816,881,578,79,21
"""21041""","""Carroll""","""""",10.00,10830.00,3988.00,82284.51,56,65,44,24,30,19,32,35,26,9.71,3.09,1.82,2,2,23176,20785,24075,0,0,0,13177,11570,13909,9893,8622,10498,3280,2943,3408,4,5,4,4,4,3,2.8,2.4,0.48,0.05,2222,65,2789,83,85,11,3066,834,864,676,61,39
"""21043""","""Carter""","""""",20.00,27326.00,10487.00,262077.31,61,73,45,26,33,18,35,40,27,9.60,1.07,1.85,2,2,22980,20381,24755,1,1,1,12843,11731,14542,9577,8834,11022,3254,2886,3504,13,12,16,11,10,14,1.8,2.4,0.24,0.04,1889,61,1719,81,165,12,3408,807,873,505,78,22
"""21045""","""Casey""","""""",14.00,15954.00,6384.00,284308.82,71,85,47,30,38,18,41,47,28,9.64,0.40,1.91,2,2,23090,20614,25515,1,1,1,13127,12066,15207,9848,9138,11584,3269,2919,3611,9,10,12,8,9,10,1.0,1.8,0.09,0.02,1457,71,1445,81,309,6,4324,821,903,407,80,20
"""21047""","""Christian""","""Clarksville, TN-KY""",51.00,74159.00,25521.00,459203.48,51,60,45,23,29,20,28,31,25,9.05,8.34,1.80,2,2,22958,20658,22943,1,1,1,13032,11413,13212,9782,8487,9964,3249,2925,3247,1,1,1,1,1,1,1.5,3.5,0.30,0.06,4591,64,4803,84,102,9,4059,904,849,736,48,52
"""21049""","""Clark""","""Lexington-Fayette, KY""",26.00,35657.00,14173.00,161576.68,51,61,48,24,30,22,27,31,26,9.66,8.95,1.94,2,2,23500,21005,24062,0,0,0,13862,12634,14102,10536,9661,10696,3326,2973,3406,0,0,0,0,0,0,1.3,1.1,0.51,0.09,4810,67,5131,86,109,12,3991,1002,1103,706,64,36
"""21051""","""Clay""","""""",19.00,21300.00,7707.00,300319.01,90,105,41,38,48,15,54,59,27,7.76,0.46,1.67,2,2,21059,18818,24974,1,1,1,11638,10250,14712,8635,7498,11160,2982,2729,3535,21,24,18,18,20,15,1.3,2.6,0.14,0.03,1513,63,1494,80,322,5,4399,685,738,301,74,26
"""21053""","""Clinton""","""""",7.00,10188.00,3858.00,126237.19,79,94,45,34,42,18,45,52,27,9.73,0.44,1.82,2,2,23266,20814,25156,1,1,1,12714,11662,14778,9408,8702,11204,3294,2947,3561,12,14,13,10,12,11,1.7,2.0,0.31,0.03,1380,64,1478,81,210,8,4017,793,875,433,75,25
"""21055""","""Crittenden""","""""",10.00,9222.00,3755.00,230370.08,63,75,45,26,32,17,38,43,28,9.73,0.91,1.92,2,2,23293,20892,25433,1,1,1,13245,12174,15137,9933,9201,11521,3298,2958,3600,15,15,16,12,13,14,1.0,2.2,0.17,0.02,1256,76,1237,80,264,5,4925,756,827,473,78,22
"""21057""","""Cumberland""","""""",8.00,6807.00,2743.00,195316.10,65,77,42,25,31,15,40,46,28,9.46,0.30,1.85,2,2,22626,20278,25093,1,1,1,12748,11734,14873,9528,8844,11305,3203,2871,3552,16,18,16,14,16,14,1.5,2.4,0.10,0.01,1328,69,1333,80,236,5,4125,665,699,270,72,28
"""21059""","""Daviess""","""Owensboro, KY""",68.00,98173.00,38536.00,293354.25,52,61,46,24,30,21,28,30,25,9.19,11.50,1.78,2,2,21960,19630,22797,1,1,1,12824,11088,13390,9699,8291,10146,3108,2779,3227,17,18,17,42,44,42,1.1,5.3,0.59,0.13,7442,75,10102,85,85,14,3944,929,991,527,69,31
"""21061""","""Edmonson""","""Bowling Green, KY""",11.00,12105.00,4659.00,193846.17,59,68,48,25,31,20,34,37,28,10.01,0.40,2.05,2,2,24648,21981,25511,1,0,1,14636,12906,15212,11137,9786,11587,3489,3112,3611,10,8,13,9,7,11,1.2,2.1,0.08,0.02,1697,70,1459,81,363,6,5850,896,937,412,82,18
"""21063""","""Elliott""","""""",8.00,7725.00,2750.00,149962.03,68,81,40,31,38,16,43,49,27,8.82,0.22,1.76,2,2,21001,18531,24914,1,1,1,12086,11101,14792,9092,8458,11243,2973,2624,3526,20,19,23,17,17,19,1.6,2.4,0.11,0.02,1296,54,1206,80,318,6,4509,718,761,216,79,21
"""21065""","""Estill""","""""",12.00,14476.00,5750.00,161969.69,70,84,43,31,38,17,42,48,27,8.84,0.91,1.79,2,2,22318,19990,25016,1,1,1,12402,11400,14689,9230,8555,11138,3160,2830,3541,12,15,11,11,13,9,1.6,1.3,0.40,0.04,1895,67,1586,81,282,8,4780,760,901,505,70,30
"""21067""","""Fayette""","""Lexington-Fayette, KY""",208.00,308306.00,125752.00,181537.55,50,59,48,26,32,25,24,27,23,8.32,24.46,1.74,2,2,20182,17966,20668,2,2,2,12348,11042,12624,9469,8476,9674,2857,2543,2925,23,23,24,31,31,33,2.4,3.1,1.59,0.69,19068,61,29574,91,27,36,3874,1102,1174,804,54,46
"""21069""","""Fleming""","""""",11.00,14544.00,5636.00,223066.91,66,78,46,28,35,19,37,43,27,9.96,0.60,1.90,2,2,23810,21250,25048,1,1,1,13184,12081,14713,9801,9060,11152,3371,3009,3545,12,12,15,11,10,13,1.6,2.8,0.26,0.03,1531,63,1693,81,228,7,3983,839,932,495,76,24
"""21071""","""Floyd""","""""",41.00,38649.00,15418.00,251741.60,66,78,41,29,36,16,39,45,26,7.74,1.01,1.68,2,2,21217,18868,24480,1,1,1,11714,10720,14181,8692,8030,10700,3004,2671,3465,17,18,16,15,15,13,2.6,2.5,0.44,0.06,1805,58,1914,81,167,13,3192,724,729,435,70,30
"""21073""","""Franklin""","""Frankfort, KY""",38.00,49778.00,21033.00,132960.62,50,60,47,24,30,22,26,30,25,9.19,9.76,1.81,2,2,22485,20047,23582,0,0,0,13028,11824,13525,9845,8986,10187,3182,2837,3338,0,0,1,0,0,0,1.9,3.9,0.69,0.16,5606,67,8920,86,76,16,3987,1001,1182,604,63,37
"""21075""","""Fulton""","""Union City, TN-KY""",9.00,6422.00,2568.00,131760.06,55,65,42,22,28,16,32,37,26,8.80,2.76,1.77,2,2,22166,20060,23967,1,1,1,12322,11287,14022,9162,8422,10611,3138,2840,3392,22,25,19,18,21,17,2.0,2.1,0.30,0.02,1272,75,1279,80,126,6,4702,703,841,456,60,40
"""21077""","""Gallatin""","""Cincinnati, OH-KY-IN""",4.00,8567.00,3097.00,62937.56,47,56,48,21,27,22,26,29,26,10.37,0.59,1.97,2,2,24328,21632,24541,1,0,1,14172,12946,14188,10717,9878,10702,3443,3062,3473,12,6,12,10,5,10,3.0,2.4,0.58,0.05,1843,55,1924,82,120,10,2693,984,1118,705,69,31
"""21079""","""Garrard""","""""",12.00,16976.00,6594.00,147249.67,60,70,50,27,33,22,33,36,28,10.25,0.72,2.03,2,2,24478,21910,25612,0,0,0,14504,12798,15209,11037,9693,11581,3465,3102,3625,2,3,3,2,2,2,1.2,1.1,0.62,0.04,2296,79,1975,82,196,9,3595,987,1082,548,77,23
"""21081""","""Grant""","""Cincinnati, OH-KY-IN""",15.00,24670.00,8325.00,165097.49,48,57,49,23,28,23,26,30,27,10.48,1.23,2.00,2,2,24583,21899,24792,1,0,1,14367,13135,14385,10879,10031,10866,3479,3100,3509,9,5,10,8,4,8,1.8,2.4,0.28,0.05,2189,62,2146,82,168,7,3657,1042,1110,586,70,30
"""21083""","""Graves""","""Mayfield, KY""",29.00,37502.00,14390.00,353119.71,58,69,45,25,32,19,34,39,27,9.56,1.58,1.95,2,2,23977,21493,25024,0,0,1,13445,12305,14798,10044,9255,11247,3395,3043,3542,7,7,9,6,6,8,1.1,1.5,0.22,0.04,2069,75,2292,82,157,6,3713,832,820,424,74,26
"""21085""","""Grayson""","""""",23.00,26001.00,9840.00,319124.24,65,78,45,28,35,18,38,43,27,9.97,1.27,1.89,2,2,23939,21465,25070,1,1,1,13169,12073,14683,9770,9023,11124,3389,3039,3548,10,11,11,8,9,10,1.3,2.7,0.20,0.03,1811,69,2044,81,255,7,5141,808,846,500,72,28
"""21087""","""Green""","""""",11.00,11149.00,4477.00,183064.82,65,77,45,27,34,17,38,44,28,9.84,1.04,1.93,2,2,23614,21182,25373,1,1,1,13312,12214,15074,9957,9202,11470,3343,2999,3591,11,12,13,10,11,11,0.8,3.0,0.14,0.02,1697,79,1575,80,243,7,4762,784,844,464,79,21
"""21089""","""Greenup""","""Huntington-Ashland, WV-KY-OH""",29.00,36477.00,14200.00,220446.28,58,68,48,27,34,22,31,34,26,9.59,4.92,1.85,2,2,22954,20482,24476,1,1,1,13293,11618,14223,10044,8718,10759,3249,2900,3464,0,0,0,0,0,0,1.2,3.8,0.27,0.06,3510,79,2934,82,91,12,3578,967,1038,580,77,23
"""21091""","""Hancock""","""Owensboro, KY""",7.00,8669.00,3265.00,120098.17,54,63,47,23,29,20,31,34,27,10.32,0.54,1.98,2,2,24257,21659,25146,1,1,1,14244,12533,14775,10798,9456,11201,3433,3067,3559,13,10,15,11,9,13,1.7,2.7,0.52,0.03,1348,69,1465,80,191,7,3831,895,984,584,77,23
"""21093""","""Hardin""","""Elizabethtown-Fort Knox, KY""",68.00,107529.00,40376.00,398910.54,51,60,47,24,30,22,27,30,25,9.70,6.29,1.84,2,2,23454,20957,23660,0,0,0,13364,11673,13546,10038,8700,10190,3320,2967,3349,7,5,7,6,5,6,1.3,4.5,0.36,0.10,4958,67,5661,84,107,14,4119,1000,1050,724,62,38
"""21095""","""Harlan""","""""",33.00,28400.00,11406.00,298129.28,77,91,42,33,41,16,45,52,27,8.82,0.85,1.67,2,2,21085,18914,24631,1,1,1,11632,10673,14432,8625,7971,10929,2985,2678,3486,21,24,17,18,21,14,2.1,1.6,0.95,0.04,1467,67,1254,80,122,10,2671,699,773,415,70,30
"""21097""","""Harrison""","""""",14.00,18648.00,7120.00,196072.80,67,79,47,30,38,20,36,42,27,9.56,2.81,1.87,2,2,23290,20888,24627,0,0,0,12940,11854,14515,9639,8893,11025,3297,2957,3486,3,4,4,3,4,3,1.6,1.6,0.36,0.04,2519,69,2813,83,196,7,4387,900,1013,571,67,33
"""21099""","""Hart""","""""",16.00,18441.00,7294.00,263986.00,61,72,43,25,31,16,37,43,28,9.71,0.47,1.88,2,2,23184,20777,25211,1,1,1,13003,11954,14870,9709,8999,11289,3282,2942,3568,12,13,12,10,11,10,1.4,2.2,0.20,0.03,1596,71,1539,81,289,5,4495,727,803,487,72,28
"""21101""","""Henderson""","""Evansville, IN-KY""",32.00,46396.00,18742.00,279468.26,48,56,43,21,26,19,28,30,25,9.06,7.71,1.83,2,2,22465,20135,23241,2,2,2,13165,11455,13620,9979,8598,10323,3180,2851,3290,7,7,8,27,26,29,0.9,3.6,0.46,0.07,3823,67,4451,83,104,9,4232,839,916,554,63,37
"""21103""","""Henry""","""Louisville/Jefferson County, KY-IN""",14.00,15455.00,5992.00,183216.31,52,62,50,24,30,23,28,33,27,10.32,0.85,2.03,2,2,24792,22259,25192,0,0,0,14542,13334,14732,11030,10181,11162,3509,3151,3566,4,3,5,3,2,4,1.5,2.3,0.21,0.03,2236,75,2202,82,187,8,4040,1022,1122,722,70,30
"""21105""","""Hickman""","""""",6.00,4720.00,1973.00,155055.52,58,68,47,24,30,19,34,38,29,9.38,0.16,1.97,2,2,22744,20434,25642,1,1,1,13961,12392,15426,10724,9480,11779,3219,2893,3629,17,18,18,15,16,15,1.3,1.1,0.28,0.01,845,80,844,79,234,4,4025,833,914,643,75,25
"""21107""","""Hopkins""","""Madisonville, KY""",41.00,46518.00,18622.00,346877.14,54,62,44,23,28,18,32,35,27,9.50,3.11,1.87,2,2,23291,20858,24666,0,0,0,13490,11832,14344,10187,8873,10845,3297,2953,3491,7,6,8,6,5,7,1.4,2.7,0.45,0.05,2748,75,3494,83,110,9,3752,800,863,568,72,28
"""21109""","""Jackson""","""""",10.00,13357.00,5546.00,220925.79,56,67,35,23,29,13,42,48,28,9.13,0.28,1.83,2,2,21903,19517,25296,1,1,1,12556,11560,15057,9441,8782,11462,3101,2763,3580,14,15,15,12,13,12,1.4,1.4,0.17,0.03,1440,65,1284,81,317,7,4599,575,634,252,76,24
"""21111""","""Jefferson""","""Louisville/Jefferson County, KY-IN""",575.00,755809.00,306915.00,243490.69,49,58,47,26,33,25,23,26,23,8.11,21.56,1.66,1,2,19927,17738,20269,3,3,3,11913,10565,12137,9046,8008,9221,2820,2511,2869,46,47,47,55,55,56,3.7,7.5,2.91,1.26,18991,65,29423,88,20,74,1717,1111,1190,726,62,38
"""21113""","""Jessamine""","""Lexington-Fayette, KY""",30.00,50328.00,18312.00,110154.14,55,66,53,28,35,26,28,31,26,9.96,8.80,1.96,2,2,23663,21173,24215,0,0,0,14025,12795,14264,10676,9799,10836,3349,2997,3427,0,0,0,0,0,0,1.7,0.5,0.81,0.17,6884,73,6800,87,94,13,3776,1176,1245,702,64,36
"""21115""","""Johnson""","""""",18.00,23350.00,9035.00,167652.97,61,73,44,28,35,18,34,39,27,9.06,1.58,1.76,2,2,21687,19193,24534,1,1,1,12170,11119,14319,9085,8388,10832,3070,2717,3472,14,14,14,12,12,12,2.2,2.6,0.31,0.05,1981,61,1960,81,145,13,3231,824,856,420,75,25
"""21117""","""Kenton""","""Cincinnati, OH-KY-IN""",112.00,163007.00,62225.00,102561.58,46,55,48,24,30,25,22,25,23,8.85,17.47,1.74,2,2,20978,18704,21136,3,3,3,12458,11085,12497,9443,8393,9459,2969,2647,2992,45,45,46,37,36,38,2.5,7.2,1.50,0.61,12721,68,15388,86,28,49,2349,1110,1237,746,66,34
"""21119""","""Knott""","""""",14.00,16000.00,5984.00,224973.31,67,80,42,28,36,16,41,47,28,9.28,0.33,1.82,2,2,22258,19747,25090,1,1,1,12544,11525,14831,9373,8709,11259,3151,2796,3551,20,20,21,17,17,18,1.6,2.2,0.19,0.03,1386,59,1199,80,378,6,4037,721,740,381,78,22
"""21121""","""Knox""","""London, KY""",27.00,31809.00,12467.00,247230.90,64,76,42,28,35,17,37,42,26,8.64,1.97,1.71,2,2,21912,19554,24088,1,1,1,11955,10934,13957,8840,8151,10537,3102,2769,3409,12,14,10,11,12,9,2.2,2.0,0.21,0.05,2382,57,2443,82,166,11,4111,751,818,490,63,37
"""21123""","""Larue""","""Elizabethtown-Fort Knox, KY""",12.00,14149.00,5328.00,167377.63,51,59,47,21,26,19,30,33,28,9.68,1.48,2.04,2,2,25054,22514,25256,0,0,1,14665,12919,14845,11110,9725,11261,3546,3188,3575,9,7,10,7,6,8,1.0,2.7,0.20,0.03,1907,79,1765,81,201,6,3588,870,906,607,73,27
"""21125""","""Laurel""","""London, KY""",37.00,59751.00,23164.00,277732.86,69,82,45,31,39,19,38,43,27,9.52,2.19,1.77,2,2,22352,19866,24606,0,0,0,12289,11224,14306,9120,8408,10819,3165,2813,3483,4,4,5,3,3,4,2.0,1.2,0.24,0.08,2844,59,3863,84,135,13,4161,847,878,592,69,31
"""21127""","""Lawrence""","""""",14.00,15821.00,6033.00,265980.57,57,68,41,25,32,17,35,40,27,9.37,2.35,1.83,2,2,22471,19920,24502,1,1,1,12662,11571,14515,9463,8735,11029,3181,2820,3468,17,16,18,15,14,16,1.6,2.8,0.12,0.02,1591,62,1601,80,163,7,3578,756,821,433,78,22
"""21129""","""Lee""","""""",7.00,7119.00,2859.00,133668.50,89,104,44,39,49,16,50,55,28,8.22,0.29,1.66,2,2,19614,17563,25104,1,1,1,11373,10032,14886,8577,7465,11316,2777,2547,3553,20,21,17,17,18,14,1.3,2.1,0.12,0.02,1351,65,1315,80,221,7,4399,735,816,348,76,24
"""21131""","""Leslie""","""""",12.00,10997.00,4150.00,256547.64,61,72,33,25,31,12,47,54,28,7.21,0.18,1.76,2,2,21615,19206,25043,1,1,1,12150,11175,14855,9068,8433,11289,3060,2719,3545,22,23,22,18,19,18,2.2,1.9,0.16,0.02,1139,59,1081,80,270,8,3625,533,534,287,77,23
"""21133""","""Letcher""","""""",27.00,23671.00,9592.00,216264.73,62,74,39,27,34,15,40,46,27,8.48,0.65,1.75,2,2,21709,19378,24935,1,1,1,12131,11125,14605,9040,8362,11059,3074,2744,3529,18,19,17,15,16,15,1.8,2.2,0.34,0.04,1522,67,1392,80,161,11,2969,684,698,294,74,26
"""21135""","""Lewis""","""""",11.00,13790.00,5373.00,309022.48,74,88,43,29,37,16,44,51,28,9.47,0.57,1.83,2,2,22649,20270,25128,1,1,1,12668,11639,14949,9445,8751,11376,3207,2870,3556,16,18,16,14,16,14,1.4,2.4,0.23,0.02,1388,70,1301,80,193,5,3054,703,748,370,77,23
"""21137""","""Lincoln""","""Danville, KY""",19.00,24498.00,9770.00,212948.71,59,71,46,25,32,18,34,39,27,9.14,1.00,1.90,2,2,23247,20768,25177,0,0,0,13108,12023,14811,9810,9075,11239,3291,2940,3564,7,7,9,6,6,7,1.7,1.6,0.26,0.05,2080,70,1919,82,204,10,3447,810,876,629,74,26
"""21139""","""Livingston""","""Paducah, KY-IL""",9.00,9394.00,3826.00,200398.01,57,66,47,24,30,19,33,36,28,9.89,0.44,2.00,2,2,23767,21219,25412,0,0,1,14232,12546,15123,10859,9535,11514,3364,3004,3597,9,7,12,7,6,10,1.3,1.6,0.20,0.02,1302,73,1376,81,213,5,5034,864,910,368,79,21
"""21141""","""Logan""","""""",21.00,26851.00,10870.00,353364.00,60,72,46,26,33,19,34,39,27,9.75,1.29,1.90,2,2,23297,20956,25148,0,0,0,13100,12043,14784,9796,9068,11218,3298,2967,3559,6,8,6,5,6,5,1.7,1.4,0.36,0.03,1785,75,1897,82,210,7,4052,851,950,618,68,32
"""21143""","""Lyon""","""""",7.00,8402.00,3230.00,136857.91,56,66,52,28,35,24,28,31,28,8.83,0.42,1.88,2,2,21008,18493,25059,0,0,1,13206,11623,14920,10225,9000,11360,2973,2618,3547,8,5,14,7,4,12,2.1,1.1,0.18,0.02,1215,67,1216,81,109,8,3702,1090,1186,463,82,18
"""21145""","""McCracken""","""Paducah, KY-IL""",53.00,65408.00,27514.00,159197.73,54,62,45,25,32,20,29,31,25,9.08,6.34,1.72,2,2,21663,19365,23216,1,1,1,12464,10808,13407,9359,8023,10083,3066,2742,3286,39,44,38,26,29,25,2.1,4.9,0.63,0.17,4613,69,6678,84,48,20,2859,912,992,500,67,33
"""21147""","""McCreary""","""""",14.00,18001.00,6277.00,273154.27,94,113,40,41,51,15,56,65,27,7.95,0.57,1.62,2,2,20886,18759,24922,1,2,1,10897,10036,14632,7843,7287,11087,3029,2720,3527,25,29,18,21,25,15,1.4,1.8,0.11,0.02,1574,64,1278,80,302,6,5320,656,694,452,69,31
"""21149""","""McLean""","""Owensboro, KY""",9.00,9500.00,3759.00,161583.63,55,64,48,22,28,19,32,36,28,10.11,0.36,2.08,2,2,24705,22076,25604,0,0,1,14810,13064,15342,11305,9933,11708,3497,3126,3624,8,6,10,7,5,9,1.0,1.2,0.39,0.02,1444,75,1328,81,224,5,4054,859,931,461,81,19
"""21151""","""Madison""","""Richmond-Berea, KY""",50.00,85838.00,32064.00,279872.48,61,71,47,29,36,22,32,35,26,9.53,7.66,1.82,2,2,22754,20347,23740,0,0,0,13104,11476,13815,9883,8595,10454,3221,2881,3360,0,0,1,0,0,1,1.9,1.8,0.50,0.11,4935,62,6023,86,86,13,3220,970,1064,607,59,41
"""21153""","""Magoffin""","""""",12.00,12979.00,4996.00,197404.04,78,93,46,36,45,19,42,48,27,8.95,0.46,1.72,2,2,21515,19030,24593,1,1,1,11938,10950,14367,8867,8232,10862,3046,2694,3481,24,24,24,21,20,20,2.4,2.4,0.12,0.03,1455,49,1319,80,325,7,3774,847,965,427,73,27
"""21155""","""Marion""","""""",15.00,19717.00,7395.00,219525.64,61,73,47,27,34,19,34,39,28,9.89,2.04,1.92,2,2,23707,21253,25298,0,0,0,13253,12149,14837,9894,9136,11252,3357,3009,3581,3,4,4,2,3,4,1.0,3.0,0.24,0.03,2088,78,2745,82,198,6,3605,869,929,538,74,26
"""21157""","""Marshall""","""""",22.00,31181.00,12602.00,192810.20,56,66,49,25,32,21,31,34,27,9.83,1.08,1.95,2,2,23585,21026,25131,0,0,0,13930,12234,14768,10586,9253,11203,3338,2977,3557,6,4,8,5,4,7,2.0,1.5,0.49,0.07,1765,73,1801,82,99,13,2878,957,1028,432,78,22
"""21159""","""Martin""","""""",10.00,12631.00,4320.00,146949.04,84,101,46,41,51,20,43,50,27,8.26,0.37,1.62,2,2,19713,17443,24615,2,2,1,11196,10299,14364,8376,7799,10856,2791,2470,3484,29,30,24,25,26,21,2.1,2.3,0.24,0.03,1335,52,1178,80,289,8,3650,877,997,390,71,29
"""21161""","""Mason""","""Maysville, KY""",16.00,17296.00,6736.00,153681.97,61,73,47,28,35,20,33,38,26,9.13,3.09,1.85,2,2,23173,20800,24329,0,0,0,12863,11750,14255,9576,8797,10805,3281,2945,3443,6,7,7,5,6,6,1.3,2.2,0.44,0.04,2181,71,2583,82,115,9,3348,901,1024,553,67,33
"""21163""","""Meade""","""Elizabethtown-Fort Knox, KY""",20.00,29098.00,10574.00,195470.90,53,61,49,24,30,22,29,31,27,10.13,2.27,1.97,2,2,24283,21632,24491,1,0,1,14151,12423,14332,10702,9351,10852,3437,3063,3466,13,9,14,11,8,12,1.5,3.1,0.15,0.05,2365,63,2119,81,240,10,4512,991,983,611,72,28
"""21165""","""Menifee""","""Mount Sterling, KY""",5.00,6343.00,2427.00,130294.30,62,73,44,24,29,16,38,44,28,9.80,0.20,1.99,2,2,24384,21845,25551,1,1,1,13738,12647,15267,10273,9540,11636,3452,3093,3616,13,14,15,11,12,13,1.2,1.8,0.21,0.02,1283,72,1225,80,342,5,4074,705,738,440,77,23
"""21167""","""Mercer""","""""",17.00,21342.00,8824.00,159252.58,60,70,48,27,33,21,33,37,28,9.90,1.86,1.95,2,2,23690,21252,25230,0,0,0,13969,12307,14869,10616,9298,11297,3353,3009,3571,1,0,1,0,0,1,1.1,1.0,0.39,0.06,2624,77,2868,84,172,7,4098,939,1030,550,71,29
"""21169""","""Metcalfe""","""Glasgow, KY""",10.00,9985.00,3936.00,185372.96,54,65,40,22,27,15,36,42,28,9.89,0.33,1.98,2,2,24110,21606,25451,1,1,1,13633,12530,15145,10209,9460,11529,3414,3059,3602,11,11,13,9,10,11,1.0,2.4,0.09,0.02,1593,73,1468,80,305,5,5026,679,741,395,77,23
"""21171""","""Monroe""","""""",10.00,10765.00,4443.00,210798.83,70,84,45,29,36,17,41,48,28,8.78,0.34,1.86,2,2,22703,20389,25434,1,1,1,12847,11838,15095,9623,8939,11485,3214,2887,3600,10,12,11,8,10,9,1.4,1.3,0.26,0.02,1452,72,1473,81,273,5,4511,749,833,463,73,27
"""21173""","""Montgomery""","""Mount Sterling, KY""",18.00,27167.00,10248.00,126314.58,64,77,46,29,37,20,35,40,26,9.79,3.78,1.81,2,2,23241,20806,24476,0,0,0,12636,11549,14166,9341,8598,10697,3291,2946,3464,4,5,5,4,4,4,2.3,1.9,0.49,0.08,2885,64,3291,83,138,11,3095,879,926,627,65,35
"""21175""","""Morgan""","""""",11.00,13428.00,4808.00,243921.24,74,88,46,33,41,18,41,47,27,8.98,0.30,1.77,2,2,21272,18889,25023,1,1,1,12162,11194,14792,9132,8500,11232,3012,2674,3542,19,19,18,16,17,16,1.7,2.0,0.11,0.02,1378,60,1331,80,306,6,4585,811,906,455,74,26
"""21177""","""Muhlenberg""","""""",29.00,31309.00,11539.00,298931.65,58,69,45,25,32,18,34,39,28,9.57,1.87,1.92,2,2,23666,21072,25112,0,0,0,13288,12145,14828,9932,9157,11266,3351,2983,3554,6,5,7,5,4,6,1.5,1.6,0.21,0.04,1882,71,1922,82,152,7,3514,823,895,395,79,21
"""21179""","""Nelson""","""Bardstown, KY""",23.00,44564.00,16817.00,267208.29,54,63,50,25,31,23,29,32,27,10.39,2.85,2.01,2,2,24920,22294,25136,0,0,0,14492,12722,14684,10963,9564,11124,3527,3156,3558,2,1,2,2,1,2,1.1,2.8,0.33,0.06,3376,78,4038,83,156,8,3534,1011,1079,664,76,24
"""21181""","""Nicholas""","""""",6.00,7075.00,2824.00,124909.48,63,75,45,26,32,17,37,42,28,9.90,0.54,1.93,2,2,23645,21222,25287,0,0,0,13300,12226,14969,9946,9214,11382,3348,3005,3579,6,8,8,5,6,6,1.5,1.0,0.38,0.02,1585,70,1518,81,204,7,4058,778,898,383,71,29
"""21183""","""Ohio""","""""",20.00,24065.00,8813.00,375855.10,56,66,44,22,28,17,35,39,28,10.09,1.09,1.97,2,2,24256,21644,25161,0,0,1,14168,12479,14933,10727,9407,11362,3433,3065,3561,8,8,10,7,6,9,1.2,1.8,0.26,0.02,1642,70,1744,81,203,5,4263,744,771,437,78,22
"""21185""","""Oldham""","""Louisville/Jefferson County, KY-IN""",36.00,63037.00,19706.00,119829.16,66,80,63,38,48,36,28,32,27,11.37,5.01,2.02,2,2,24768,22087,25195,0,0,0,14523,13197,14743,11018,10071,11177,3506,3126,3566,0,0,0,0,0,0,0.8,3.5,0.62,0.16,4710,89,4997,84,93,15,3239,1622,1674,754,86,14
"""21187""","""Owen""","""""",9.00,10711.00,4123.00,224708.75,58,68,47,24,31,19,34,38,28,10.08,0.25,1.99,2,2,24113,21472,25325,0,0,0,14267,12607,15057,10847,9561,11464,3413,3040,3584,7,6,9,6,5,8,1.2,1.9,0.17,0.02,1675,65,1780,82,335,6,4324,854,930,674,76,24
"""21189""","""Owsley""","""""",5.00,4616.00,1773.00,126340.66,100,116,44,44,54,17,56,62,27,8.87,0.27,1.69,2,2,21210,18945,24985,1,1,1,11745,10351,14811,8718,7577,11253,3003,2747,3536,24,27,22,21,23,19,1.6,2.4,0.08,0.01,1429,62,1162,80,256,5,4214,762,867,349,75,25
"""21191""","""Pendleton""","""Cincinnati, OH-KY-IN""",11.00,14514.00,5356.00,177381.80,47,56,49,20,26,21,27,31,28,10.52,1.39,2.09,2,2,25010,22317,25222,0,0,0,14932,13678,14956,11385,10516,11378,3540,3159,3570,8,3,8,7,2,7,1.0,2.0,0.19,0.03,1930,72,1832,82,231,6,5048,947,992,480,77,23
"""21193""","""Perry""","""""",25.00,28041.00,11080.00,217390.80,62,74,41,27,34,16,36,41,26,7.89,2.61,1.69,2,2,21510,19071,24205,1,1,1,11799,10755,13964,8736,8037,10520,3045,2700,3426,18,18,18,15,15,15,2.7,3.6,0.39,0.05,1869,56,2176,81,121,12,3047,739,710,374,72,28
"""21195""","""Pike""","""""",62.00,63434.00,26124.00,503562.79,67,79,45,31,38,19,36,42,27,8.56,1.40,1.74,2,2,21483,19032,24590,1,1,1,12051,11025,14307,9009,8330,10827,3042,2695,3480,0,0,0,0,0,0,2.1,2.5,0.33,0.05,1696,55,1973,81,255,7,4230,846,872,494,73,27
"""21197""","""Powell""","""""",11.00,12447.00,4767.00,114546.98,76,90,46,34,43,19,41,47,27,8.73,1.18,1.76,2,2,22470,20103,24753,1,1,1,12297,11266,14452,9103,8405,10938,3181,2846,3503,12,14,11,10,12,9,1.9,1.8,0.26,0.04,1894,65,1755,81,159,10,3517,847,965,440,70,30
"""21199""","""Pulaski""","""Somerset, KY""",43.00,63635.00,25593.00,421382.16,64,76,44,29,36,19,36,40,26,8.81,2.51,1.77,2,2,22665,20276,24372,0,0,0,12363,11269,14068,9148,8392,10611,3209,2871,3450,6,6,8,5,5,7,1.8,3.3,0.19,0.06,2978,66,3834,83,118,11,4025,840,916,538,69,31
"""21201""","""Robertson""","""""",2.00,2208.00,930.00,63942.99,75,90,48,34,42,20,41,48,29,9.44,0.14,1.92,2,2,22499,20079,25558,1,1,1,13108,12090,15398,9913,9237,11769,3186,2843,3617,10,10,12,8,9,10,1.0,1.7,0.11,0.01,1595,69,1452,81,427,3,5076,892,989,537,79,21
"""21203""","""Rockcastle""","""Richmond-Berea, KY""",13.00,16942.00,6621.00,202588.86,58,67,45,23,29,18,34,38,27,9.17,0.62,1.96,2,2,24049,21446,25042,1,0,1,14057,12371,14759,10643,9326,11202,3404,3036,3544,10,8,13,9,7,11,1.5,1.7,0.20,0.03,1776,64,1545,81,212,8,4124,794,832,451,76,24
"""21205""","""Rowan""","""""",16.00,23608.00,8542.00,179070.24,56,67,41,24,30,17,34,39,26,9.07,0.90,1.78,2,2,22828,20468,24226,1,1,1,12428,11363,13917,9186,8453,10476,3232,2898,3429,11,12,12,9,10,11,2.6,3.2,0.35,0.05,1907,59,2539,81,184,9,3761,746,702,586,62,38
"""21207""","""Russell""","""""",16.00,17669.00,7050.00,162340.56,72,86,45,32,40,18,40,46,27,9.36,0.89,1.77,2,2,22397,20017,24944,1,1,1,12341,11299,14548,9159,8452,11006,3171,2834,3531,11,13,11,9,11,9,1.9,2.1,0.16,0.04,1748,67,1729,81,135,9,3965,827,923,421,73,27
"""21209""","""Scott""","""Lexington-Fayette, KY""",36.00,50178.00,18421.00,180333.06,53,64,51,26,33,25,28,32,27,10.49,10.64,1.98,2,2,23838,21270,24417,0,0,0,14154,12892,14409,10780,9881,10953,3374,3011,3456,0,0,0,0,0,0,1.7,0.7,0.53,0.10,5558,74,6328,87,91,12,3636,1110,1152,624,71,29
"""21211""","""Shelby""","""Louisville/Jefferson County, KY-IN""",28.00,44290.00,15888.00,242967.88,56,67,53,29,36,27,28,32,27,10.33,5.25,1.99,2,2,24351,21836,24744,0,0,0,14299,13066,14491,10852,9976,10988,3447,3091,3502,0,0,1,0,0,0,0.6,2.7,0.36,0.07,3868,79,4448,84,152,8,3907,1219,1253,580,69,31
"""21213""","""Simpson""","""""",14.00,17704.00,6793.00,149890.08,61,72,47,27,34,20,33,38,27,9.23,2.58,1.91,2,2,23977,21646,24804,0,0,0,13254,12140,14493,9859,9075,10981,3395,3065,3511,0,1,1,0,1,1,1.1,1.4,0.22,0.05,2703,78,3053,84,157,7,4615,899,969,515,63,37
"""21215""","""Spencer""","""Louisville/Jefferson County, KY-IN""",9.00,17577.00,6418.00,119473.82,57,69,55,28,35,27,29,33,28,11.11,1.11,2.09,2,2,25142,22457,25572,0,0,0,14953,13690,15161,11392,10510,11539,3559,3178,3619,2,1,3,2,1,3,0.7,3.2,0.14,0.05,3001,83,2751,82,229,9,4245,1204,1303,380,83,17
"""21217""","""Taylor""","""Campbellsville, KY""",21.00,24993.00,9715.00,170451.12,64,77,43,29,36,18,37,42,26,9.37,3.65,1.75,2,2,22664,20420,24355,0,0,0,12272,11204,14038,9058,8305,10584,3209,2891,3447,5,8,6,5,7,5,1.4,4.0,0.21,0.06,3165,75,3839,83,151,8,4239,800,820,499,65,35
"""21219""","""Todd""","""""",9.00,12524.00,4567.00,239677.69,61,71,47,25,31,19,36,40,28,10.26,0.26,2.01,2,2,24567,22061,25530,0,1,0,14447,12798,15232,10962,9666,11610,3477,3123,3613,8,9,9,7,8,7,1.3,1.3,0.37,0.02,1513,75,1445,81,289,5,4098,841,925,540,72,28
"""21221""","""Trigg""","""Clarksville, TN-KY""",11.00,14250.00,6014.00,282517.22,57,66,49,24,30,21,32,36,28,9.76,0.69,2.11,2,2,25640,22967,25569,0,0,1,15132,13322,15287,11495,10065,11659,3629,3252,3619,8,6,9,7,5,8,1.5,1.1,0.20,0.02,1437,78,1311,81,150,7,3805,948,1008,404,82,18
"""21223""","""Trimble""","""Louisville/Jefferson County, KY-IN""",6.00,8783.00,3548.00,97054.56,54,64,51,25,31,23,29,33,28,10.04,0.42,2.06,2,2,25012,22380,25434,0,0,0,14768,13550,14966,11220,10377,11357,3540,3168,3600,8,5,9,7,4,8,1.4,2.6,0.34,0.04,1819,73,1836,81,253,8,3471,1055,1142,758,76,24
"""21225""","""Union""","""""",13.00,15138.00,5562.00,219423.13,59,68,46,24,30,18,34,38,28,9.86,1.03,1.93,2,2,23455,21048,25123,1,1,1,13825,12188,14859,10495,9198,11292,3320,2980,3556,10,10,11,8,8,9,1.2,1.3,0.52,0.03,1391,74,1423,81,143,7,3953,810,840,532,72,28
"""21227""","""Warren""","""Bowling Green, KY""",74.00,118950.00,45387.00,346625.22,55,64,45,26,32,21,30,32,25,9.30,8.91,1.78,2,2,22149,19840,22953,1,1,1,12824,11161,13409,9687,8349,10158,3135,2809,3249,2,3,2,3,3,3,1.3,3.5,0.46,0.13,6533,66,10373,86,91,14,4032,930,966,668,58,42
"""21229""","""Washington""","""""",9.00,11910.00,4495.00,190250.47,64,75,50,28,35,21,36,40,28,10.44,0.83,2.05,2,2,24974,22360,25495,0,0,0,14689,12950,15201,11151,9782,11588,3535,3166,3608,3,2,5,2,2,4,0.9,1.6,0.16,0.02,1912,73,2183,82,227,5,4273,960,1037,471,79,21
"""21231""","""Wayne""","""""",17.00,20655.00,7917.00,293236.13,72,85,42,28,35,15,43,50,27,9.04,2.23,1.79,2,2,22228,19839,24785,0,1,0,12390,11369,14692,9235,8551,11177,3147,2809,3508,8,10,8,7,8,6,1.4,0.8,0.15,0.03,2085,63,1970,82,224,7,4931,672,645,404,71,29
"""21233""","""Webster""","""""",13.00,13357.00,5129.00,212443.73,59,71,46,25,31,18,34,39,28,9.53,1.05,1.93,2,2,23764,21369,25142,1,1,1,13350,12266,14866,9973,9226,11294,3365,3025,3559,13,15,14,11,13,12,1.7,1.6,0.51,0.02,1249,75,1220,80,183,7,3480,815,904,506,71,29
"""21235""","""Whitley""","""London, KY""",29.00,35794.00,13110.00,280211.40,67,80,44,30,37,18,37,43,26,9.33,2.04,1.74,2,2,22135,19753,24308,1,1,1,12106,11069,14112,8960,8259,10660,3134,2797,3440,12,14,12,10,12,10,2.5,2.3,0.20,0.05,2201,60,2490,82,164,10,4143,797,825,489,67,33
"""21237""","""Wolfe""","""""",7.00,7261.00,2918.00,142189.09,91,106,41,38,47,14,53,59,26,8.47,0.39,1.56,1,2,20230,18109,24423,2,2,1,10969,9666,14182,8075,7008,10702,2864,2626,3457,30,33,23,25,28,19,2.4,3.4,0.10,0.02,1562,55,1473,80,246,7,3922,643,523,431,66,34
"""21239""","""Woodford""","""Lexington-Fayette, KY""",16.00,25317.00,9802.00,120849.81,56,66,53,27,34,25,29,33,28,10.64,5.12,2.05,2,2,24691,22185,25250,0,0,0,14661,13423,14907,11166,10284,11333,3495,3140,3574,0,0,0,0,0,0,1.3,0.3,0.61,0.08,4418,83,5143,87,167,7,5274,1137,1244,718,69,31
