NAME,Year,Average Rent,Home Value,GEO_ID
Murfreesboro,2015,1235.9294054105253,184979.58333333334,1600000US4751560
Murfreesboro,2016,1302.1426368443001,206002.41666666666,1600000US4751560
Murfreesboro,2017,1346.910338799817,228989.41666666666,1600000US4751560
Murfreesboro,2018,1403.2966628840675,249646.83333333334,1600000US4751560
Murfreesboro,2019,1465.377527035155,261084.41666666666,1600000US4751560
Murfreesboro,2020,1518.8305941681695,275849.0,1600000US4751560
Murfreesboro,2021,1669.6358185666888,321342.2,1600000US4751560
Murfreesboro,2022,1908.5759153650708,410760.6666666667,1600000US4751560
Murfreesboro,2000,,133682.58333333334,1600000US4751560
Murfreesboro,2001,,137922.66666666666,1600000US4751560
Murfreesboro,2002,,140596.58333333334,1600000US4751560
Murfreesboro,2003,,144410.91666666666,1600000US4751560
Murfreesboro,2004,,149371.5,1600000US4751560
Murfreesboro,2005,,157800.0,1600000US4751560
Murfreesboro,2006,,168201.25,1600000US4751560
Murfreesboro,2007,,176390.25,1600000US4751560
Murfreesboro,2008,,175487.75,1600000US4751560
Murfreesboro,2009,,169494.75,1600000US4751560
Murfreesboro,2010,,167155.91666666666,1600000US4751560
Murfreesboro,2011,,159464.0,1600000US4751560
Murfreesboro,2012,,159987.16666666666,1600000US4751560
Murfreesboro,2013,,166303.91666666666,1600000US4751560
Murfreesboro,2014,,172913.66666666666,1600000US4751560
Clarksville,2015,965.920466620925,159144.75,1600000US4715160
Clarksville,2016,974.2475028016562,161142.41666666666,1600000US4715160
Clarksville,2017,999.2150175106781,165792.08333333334,1600000US4715160
Clarksville,2018,1037.8759051080604,175567.16666666666,1600000US4715160
Clarksville,2019,1100.2420828989366,183953.0,1600000US4715160
Clarksville,2020,1165.7776214920304,200207.91666666666,1600000US4715160
Clarksville,2021,1320.2640107890713,236311.66666666666,1600000US4715160
Clarksville,2022,1489.8622763690455,289425.3333333333,1600000US4715160
Clarksville,2000,,117695.33333333333,1600000US4715160
Clarksville,2001,,120343.66666666667,1600000US4715160
Clarksville,2002,,121206.58333333333,1600000US4715160
Clarksville,2003,,122867.0,1600000US4715160
Clarksville,2004,,126932.16666666667,1600000US4715160
Clarksville,2005,,135891.41666666666,1600000US4715160
Clarksville,2006,,146988.83333333334,1600000US4715160
Clarksville,2007,,155586.0,1600000US4715160
Clarksville,2008,,155290.08333333334,1600000US4715160
Clarksville,2009,,155733.25,1600000US4715160
Clarksville,2010,,155171.16666666666,1600000US4715160
Clarksville,2011,,155773.33333333334,1600000US4715160
Clarksville,2012,,157262.58333333334,1600000US4715160
Clarksville,2013,,156822.91666666666,1600000US4715160
Clarksville,2014,,159153.33333333334,1600000US4715160
Franklin,2015,1416.132261318439,400421.25,1600000US4727740
Franklin,2016,1469.4713889151044,426720.75,1600000US4727740
Franklin,2017,1504.2222129793784,454978.0833333333,1600000US4727740
Franklin,2018,1534.8739348109036,477865.4166666667,1600000US4727740
Franklin,2019,1573.887582778815,495048.75,1600000US4727740
Franklin,2020,1595.8907876749302,517663.6666666667,1600000US4727740
Franklin,2021,1818.3481612875228,632070.1666666666,1600000US4727740
Franklin,2022,2029.221376843262,830989.3333333334,1600000US4727740
Franklin,2000,,242765.41666666666,1600000US4727740
Franklin,2001,,247931.5,1600000US4727740
Franklin,2002,,254791.16666666666,1600000US4727740
Franklin,2003,,262670.0833333333,1600000US4727740
Franklin,2004,,277194.3333333333,1600000US4727740
Franklin,2005,,300781.8333333333,1600000US4727740
Franklin,2006,,337874.0833333333,1600000US4727740
Franklin,2007,,366279.5833333333,1600000US4727740
Franklin,2008,,356043.4166666667,1600000US4727740
Franklin,2009,,337078.3333333333,1600000US4727740
Franklin,2010,,326545.0,1600000US4727740
Franklin,2011,,325822.4166666667,1600000US4727740
Franklin,2012,,333261.75,1600000US4727740
Franklin,2013,,355271.1666666667,1600000US4727740
Franklin,2014,,377777.5833333333,1600000US4727740
Hendersonville,2015,1047.5428001546704,239582.08333333334,1600000US4733280
Hendersonville,2016,1093.1910295684208,261652.75,1600000US4733280
Hendersonville,2017,1130.5432822237597,283875.5,1600000US4733280
Hendersonville,2018,1177.0486024448978,307557.5833333333,1600000US4733280
Hendersonville,2019,1225.9140665554025,318541.5,1600000US4733280
Hendersonville,2020,1255.840078008927,322635.9166666667,1600000US4733280
Hendersonville,2021,1440.1559286621475,383274.9166666667,1600000US4733280
Hendersonville,2022,1635.608315444053,476584.8888888889,1600000US4733280
Hendersonville,2000,,174455.16666666666,1600000US4733280
Hendersonville,2001,,178702.41666666666,1600000US4733280
Hendersonville,2002,,182565.83333333334,1600000US4733280
Hendersonville,2003,,186059.41666666666,1600000US4733280
Hendersonville,2004,,192919.0,1600000US4733280
Hendersonville,2005,,204404.0,1600000US4733280
Hendersonville,2006,,217306.58333333334,1600000US4733280
Hendersonville,2007,,229843.25,1600000US4733280
Hendersonville,2008,,230376.16666666666,1600000US4733280
Hendersonville,2009,,221201.83333333334,1600000US4733280
Hendersonville,2010,,216546.0,1600000US4733280
Hendersonville,2011,,212378.08333333334,1600000US4733280
Hendersonville,2012,,208992.83333333334,1600000US4733280
Hendersonville,2013,,217798.0,1600000US4733280
Hendersonville,2014,,233765.58333333334,1600000US4733280
Lebanon,2015,1240.070297807211,210158.91666666666,1600000US4741520
Lebanon,2016,1310.3356223031208,230446.33333333334,1600000US4741520
Lebanon,2017,1382.6292786911788,250575.5,1600000US4741520
Lebanon,2018,1450.8572366431179,272227.0833333333,1600000US4741520
Lebanon,2019,1535.334957664927,282027.25,1600000US4741520
Lebanon,2020,1603.8335951699585,294389.6666666667,1600000US4741520
Lebanon,2021,1721.652733922464,338284.5833333333,1600000US4741520
Lebanon,2022,1935.9789614707115,432977.6666666667,1600000US4741520
Lebanon,2000,,148413.5,1600000US4741520
Lebanon,2001,,156965.5,1600000US4741520
Lebanon,2002,,161653.58333333334,1600000US4741520
Lebanon,2003,,164417.75,1600000US4741520
Lebanon,2004,,168974.75,1600000US4741520
Lebanon,2005,,178272.58333333334,1600000US4741520
Lebanon,2006,,194367.0,1600000US4741520
Lebanon,2007,,204288.75,1600000US4741520
Lebanon,2008,,200358.58333333334,1600000US4741520
Lebanon,2009,,191506.91666666666,1600000US4741520
Lebanon,2010,,185747.25,1600000US4741520
Lebanon,2011,,181222.58333333334,1600000US4741520
Lebanon,2012,,179211.0,1600000US4741520
Lebanon,2013,,185789.66666666666,1600000US4741520
Lebanon,2014,,195368.5,1600000US4741520
Columbia,2015,896.7246710555622,146903.08333333334,1600000US4716540
Columbia,2016,931.4654262021605,158677.25,1600000US4716540
Columbia,2017,1082.1067190883525,179819.83333333334,1600000US4716540
Columbia,2018,1103.39360074617,201547.0,1600000US4716540
Columbia,2019,1169.440243525768,213512.91666666666,1600000US4716540
Columbia,2020,1240.0722739976402,232761.41666666666,1600000US4716540
Columbia,2021,1349.6145394690207,276338.5,1600000US4716540
Columbia,2022,1540.8891573263306,358977.22222222225,1600000US4716540
Columbia,2000,,115139.75,1600000US4716540
Columbia,2001,,117441.66666666667,1600000US4716540
Columbia,2002,,120016.33333333333,1600000US4716540
Columbia,2003,,121440.5,1600000US4716540
Columbia,2004,,125600.58333333333,1600000US4716540
Columbia,2005,,130993.25,1600000US4716540
Columbia,2006,,138264.0,1600000US4716540
Columbia,2007,,146622.66666666666,1600000US4716540
Columbia,2008,,147071.9090909091,1600000US4716540
Columbia,2009,,137597.58333333334,1600000US4716540
Columbia,2010,,133352.41666666666,1600000US4716540
Columbia,2011,,124820.33333333333,1600000US4716540
Columbia,2012,,122173.33333333333,1600000US4716540
Columbia,2013,,129083.16666666667,1600000US4716540
Columbia,2014,,138153.66666666666,1600000US4716540
Smyrna,2015,1081.3649934991006,172002.25,1600000US4769420
Smyrna,2016,1222.6863795428972,191004.83333333334,1600000US4769420
Smyrna,2017,1302.4866899163733,212969.16666666666,1600000US4769420
Smyrna,2018,1368.8263211894316,236536.25,1600000US4769420
Smyrna,2019,1441.4862835199763,249878.66666666666,1600000US4769420
Smyrna,2020,1478.1832962456665,264637.0,1600000US4769420
Smyrna,2021,1686.9601664676593,306567.0909090909,1600000US4769420
Smyrna,2022,1869.5762929722991,388202.8888888889,1600000US4769420
Smyrna,2000,,131020.75,1600000US4769420
Smyrna,2001,,133799.16666666666,1600000US4769420
Smyrna,2002,,135817.41666666666,1600000US4769420
Smyrna,2003,,138385.33333333334,1600000US4769420
Smyrna,2004,,142388.33333333334,1600000US4769420
Smyrna,2005,,150310.91666666666,1600000US4769420
Smyrna,2006,,159927.33333333334,1600000US4769420
Smyrna,2007,,167208.0,1600000US4769420
Smyrna,2008,,166518.5,1600000US4769420
Smyrna,2009,,158880.66666666666,1600000US4769420
Smyrna,2010,,155829.0,1600000US4769420
Smyrna,2011,,146551.91666666666,1600000US4769420
Smyrna,2012,,146820.83333333334,1600000US4769420
Smyrna,2013,,154232.75,1600000US4769420
Smyrna,2014,,161097.91666666666,1600000US4769420
Mount Juliet,2015,1475.4193260588193,276174.0,1600000US4750780
Mount Juliet,2016,1535.3540653984412,299982.75,1600000US4750780
Mount Juliet,2017,1583.316002911737,323256.0,1600000US4750780
Mount Juliet,2018,1645.0525367320172,348951.8333333333,1600000US4750780
Mount Juliet,2019,1717.3085136198736,359705.4166666667,1600000US4750780
Mount Juliet,2020,1811.445104501613,368200.1666666667,1600000US4750780
Mount Juliet,2021,1984.9193637191338,418417.1666666667,1600000US4750780
Mount Juliet,2022,2197.2911965652006,540031.3333333334,1600000US4750780
Mount Juliet,2000,,188760.25,1600000US4750780
Mount Juliet,2001,,194782.58333333334,1600000US4750780
Mount Juliet,2002,,198177.91666666666,1600000US4750780
Mount Juliet,2003,,201649.0,1600000US4750780
Mount Juliet,2004,,207334.33333333334,1600000US4750780
Mount Juliet,2005,,218660.58333333334,1600000US4750780
Mount Juliet,2006,,238451.0,1600000US4750780
Mount Juliet,2007,,253943.66666666666,1600000US4750780
Mount Juliet,2008,,253389.66666666666,1600000US4750780
Mount Juliet,2009,,240772.16666666666,1600000US4750780
Mount Juliet,2010,,236997.0,1600000US4750780
Mount Juliet,2011,,233371.58333333334,1600000US4750780
Mount Juliet,2012,,231076.58333333334,1600000US4750780
Mount Juliet,2013,,240280.25,1600000US4750780
Mount Juliet,2014,,257303.33333333334,1600000US4750780
Gallatin,2015,1115.129011417901,207106.16666666666,1600000US4728540
Gallatin,2016,1189.9779436647786,227687.91666666666,1600000US4728540
Gallatin,2017,1253.3343179284104,248532.66666666666,1600000US4728540
Gallatin,2018,1294.3842674262366,269792.6666666667,1600000US4728540
Gallatin,2019,1338.2405662206288,281414.4166666667,1600000US4728540
Gallatin,2020,1390.3599989676989,286264.0,1600000US4728540
Gallatin,2021,1476.116254925535,338622.5,1600000US4728540
Gallatin,2022,1691.840424500944,425465.3333333333,1600000US4728540
Gallatin,2000,,152652.33333333334,1600000US4728540
Gallatin,2001,,157334.75,1600000US4728540
Gallatin,2002,,159980.83333333334,1600000US4728540
Gallatin,2003,,163677.0,1600000US4728540
Gallatin,2004,,170659.58333333334,1600000US4728540
Gallatin,2005,,179928.25,1600000US4728540
Gallatin,2006,,191250.5,1600000US4728540
Gallatin,2007,,202946.91666666666,1600000US4728540
Gallatin,2008,,202762.75,1600000US4728540
Gallatin,2009,,196198.91666666666,1600000US4728540
Gallatin,2010,,192270.58333333334,1600000US4728540
Gallatin,2011,,185954.41666666666,1600000US4728540
Gallatin,2012,,183618.08333333334,1600000US4728540
Gallatin,2013,,189564.08333333334,1600000US4728540
Gallatin,2014,,201639.91666666666,1600000US4728540
Brentwood,2015,2027.9765020623631,602154.3333333334,1600000US4708280
Brentwood,2016,2083.7883005521776,634895.75,1600000US4708280
Brentwood,2017,2168.4464057562245,663715.5833333334,1600000US4708280
Brentwood,2018,2214.9743025636676,688379.1666666666,1600000US4708280
Brentwood,2019,2270.8348493991475,713939.8333333334,1600000US4708280
Brentwood,2020,2328.5099893341785,746921.0833333334,1600000US4708280
Brentwood,2021,2679.600785299295,929786.4545454546,1600000US4708280
Brentwood,2022,3179.383195251905,1220937.111111111,1600000US4708280
Brentwood,2000,,373468.0,1600000US4708280
Brentwood,2001,,380417.0,1600000US4708280
Brentwood,2002,,386755.25,1600000US4708280
Brentwood,2003,,399329.1666666667,1600000US4708280
Brentwood,2004,,420839.4166666667,1600000US4708280
Brentwood,2005,,457219.25,1600000US4708280
Brentwood,2006,,516847.1666666667,1600000US4708280
Brentwood,2007,,563596.5,1600000US4708280
Brentwood,2008,,551012.4166666666,1600000US4708280
Brentwood,2009,,520483.5,1600000US4708280
Brentwood,2010,,501719.1666666667,1600000US4708280
Brentwood,2011,,505243.5,1600000US4708280
Brentwood,2012,,512709.8333333333,1600000US4708280
Brentwood,2013,,540934.5,1600000US4708280
Brentwood,2014,,572712.1666666666,1600000US4708280
Spring Hill,2015,1561.821754748029,243173.5,1600000US4770580
Spring Hill,2016,1605.7265996335036,262721.4166666667,1600000US4770580
Spring Hill,2017,1644.2086861072275,288081.1666666667,1600000US4770580
Spring Hill,2018,1680.2400610384975,308163.0833333333,1600000US4770580
Spring Hill,2019,1731.7232721627706,318569.5,1600000US4770580
Spring Hill,2020,1766.5597878779038,332859.5833333333,1600000US4770580
Spring Hill,2021,2026.1433651803238,400751.6,1600000US4770580
Spring Hill,2022,2279.6098209224233,520286.1111111111,1600000US4770580
Spring Hill,2000,,172158.33333333334,1600000US4770580
Spring Hill,2001,,177623.0,1600000US4770580
Spring Hill,2002,,179565.75,1600000US4770580
Spring Hill,2003,,182633.83333333334,1600000US4770580
Spring Hill,2004,,188350.08333333334,1600000US4770580
Spring Hill,2005,,200461.83333333334,1600000US4770580
Spring Hill,2006,,219720.83333333334,1600000US4770580
Spring Hill,2007,,235144.0,1600000US4770580
Spring Hill,2008,,228205.66666666666,1600000US4770580
Spring Hill,2009,,213063.16666666666,1600000US4770580
Spring Hill,2010,,207006.91666666666,1600000US4770580
Spring Hill,2011,,197083.0,1600000US4770580
Spring Hill,2012,,196683.25,1600000US4770580
Spring Hill,2013,,208884.08333333334,1600000US4770580
Spring Hill,2014,,226447.41666666666,1600000US4770580
La Vergne,2015,1264.4204310424034,142380.91666666666,1600000US4741200
La Vergne,2016,1323.2359309844103,160114.25,1600000US4741200
La Vergne,2017,1376.1432482689358,182930.83333333334,1600000US4741200
La Vergne,2018,1423.6728339251367,202765.16666666666,1600000US4741200
La Vergne,2019,1483.3527339380305,216284.66666666666,1600000US4741200
La Vergne,2020,1548.791207488341,226797.0,1600000US4741200
La Vergne,2021,1730.3305548148319,262396.6666666667,1600000US4741200
La Vergne,2022,2018.8304688313817,327691.3333333333,1600000US4741200
La Vergne,2000,,122296.0,1600000US4741200
La Vergne,2001,,124793.33333333333,1600000US4741200
La Vergne,2002,,125583.66666666667,1600000US4741200
La Vergne,2003,,128284.75,1600000US4741200
La Vergne,2004,,130616.08333333333,1600000US4741200
La Vergne,2005,,137567.5,1600000US4741200
La Vergne,2006,,144918.0,1600000US4741200
La Vergne,2007,,148627.83333333334,1600000US4741200
La Vergne,2008,,144267.75,1600000US4741200
La Vergne,2009,,134756.33333333334,1600000US4741200
La Vergne,2010,,128642.41666666667,1600000US4741200
La Vergne,2011,,119880.66666666667,1600000US4741200
La Vergne,2012,,115553.08333333333,1600000US4741200
La Vergne,2013,,122189.75,1600000US4741200
La Vergne,2014,,131726.08333333334,1600000US4741200
Nolensville,2015,1288.0368951665673,366802.5833333333,1600000US4753460
Nolensville,2016,1365.8733175423904,395364.3333333333,1600000US4753460
Nolensville,2017,1442.2834294412232,424441.1666666667,1600000US4753460
Nolensville,2018,1474.6142798428873,440073.8333333333,1600000US4753460
Nolensville,2019,1543.5652532974846,451074.4166666667,1600000US4753460
Nolensville,2020,1639.7924717896692,471719.1666666667,1600000US4753460
Nolensville,2021,1887.2291146838268,573346.3333333334,1600000US4753460
Nolensville,2022,2671.380716412173,752639.6666666666,1600000US4753460
Nolensville,2000,,241924.16666666666,1600000US4753460
Nolensville,2001,,250258.0,1600000US4753460
Nolensville,2002,,258233.0,1600000US4753460
Nolensville,2003,,265671.3333333333,1600000US4753460
Nolensville,2004,,280360.6666666667,1600000US4753460
Nolensville,2005,,307151.25,1600000US4753460
Nolensville,2006,,341785.3333333333,1600000US4753460
Nolensville,2007,,363385.25,1600000US4753460
Nolensville,2008,,350053.9166666667,1600000US4753460
Nolensville,2009,,334798.3333333333,1600000US4753460
Nolensville,2010,,318356.5,1600000US4753460
Nolensville,2011,,309259.25,1600000US4753460
Nolensville,2012,,306189.6666666667,1600000US4753460
Nolensville,2013,,325052.4166666667,1600000US4753460
Nolensville,2014,,347811.3333333333,1600000US4753460
Ashland City,2015,175.2778177157815,146802.66666666666,1600000US4702180
Ashland City,2016,271.7224771485374,153263.08333333334,1600000US4702180
Ashland City,2017,414.05195703391433,174611.0,1600000US4702180
Ashland City,2018,794.3488362715154,185306.33333333334,1600000US4702180
Ashland City,2019,977.3014300247348,197662.25,1600000US4702180
Ashland City,2020,1250.1171993244395,207455.5,1600000US4702180
Ashland City,2021,1314.6767717361054,246753.66666666666,1600000US4702180
Ashland City,2022,1499.0937348357852,286882.55555555556,1600000US4702180
Ashland City,2000,,105943.41666666667,1600000US4702180
Ashland City,2001,,111582.83333333333,1600000US4702180
Ashland City,2002,,115210.16666666667,1600000US4702180
Ashland City,2003,,118399.33333333333,1600000US4702180
Ashland City,2004,,120450.5,1600000US4702180
Ashland City,2005,,125119.75,1600000US4702180
Ashland City,2006,,131469.58333333334,1600000US4702180
Ashland City,2007,,139505.16666666666,1600000US4702180
Ashland City,2008,,142778.08333333334,1600000US4702180
Ashland City,2009,,139541.5,1600000US4702180
Ashland City,2010,,135594.0,1600000US4702180
Ashland City,2011,,131671.25,1600000US4702180
Ashland City,2012,,130886.16666666667,1600000US4702180
Ashland City,2013,,132809.25,1600000US4702180
Ashland City,2014,,136858.875,1600000US4702180
White House,2015,1089.6537432581656,182833.25,1600000US4780200
White House,2016,1175.0821710616356,200167.5,1600000US4780200
White House,2017,1265.9212623442902,218758.16666666666,1600000US4780200
White House,2018,1337.1668915801922,239056.83333333334,1600000US4780200
White House,2019,1392.5779644521783,249323.75,1600000US4780200
White House,2020,1483.7391417144859,264017.4166666667,1600000US4780200
White House,2021,1643.8363388023458,307628.75,1600000US4780200
White House,2022,1811.5763932833245,385139.6666666667,1600000US4780200
White House,2000,,137791.75,1600000US4780200
White House,2001,,142057.91666666666,1600000US4780200
White House,2002,,145275.66666666666,1600000US4780200
White House,2003,,147350.08333333334,1600000US4780200
White House,2004,,151908.33333333334,1600000US4780200
White House,2005,,158418.08333333334,1600000US4780200
White House,2006,,167759.33333333334,1600000US4780200
White House,2007,,178086.75,1600000US4780200
White House,2008,,177803.25,1600000US4780200
White House,2009,,170754.72727272726,1600000US4780200
White House,2010,,167126.91666666666,1600000US4780200
White House,2011,,161018.75,1600000US4780200
White House,2012,,157255.08333333334,1600000US4780200
White House,2013,,163645.0,1600000US4780200
White House,2014,,173394.16666666666,1600000US4780200
Fairview,2015,855.0495187172783,205246.0,1600000US4725440
Fairview,2016,940.0319656170883,223437.83333333334,1600000US4725440
Fairview,2017,1036.7389343198881,246252.33333333334,1600000US4725440
Fairview,2018,1087.4936785438713,264824.6666666667,1600000US4725440
Fairview,2019,1149.6793148493684,277145.75,1600000US4725440
Fairview,2020,1259.5370382300587,297084.75,1600000US4725440
Fairview,2021,1422.8903573328641,357645.9166666667,1600000US4725440
Fairview,2022,2099.399042155464,443604.0,1600000US4725440
Fairview,2000,,144581.08333333334,1600000US4725440
Fairview,2001,,150749.0,1600000US4725440
Fairview,2002,,151062.75,1600000US4725440
Fairview,2003,,152147.75,1600000US4725440
Fairview,2004,,160886.41666666666,1600000US4725440
Fairview,2005,,170024.91666666666,1600000US4725440
Fairview,2006,,184823.5,1600000US4725440
Fairview,2007,,195685.0,1600000US4725440
Fairview,2008,,190812.08333333334,1600000US4725440
Fairview,2009,,185122.0,1600000US4725440
Fairview,2010,,180516.75,1600000US4725440
Fairview,2011,,177591.58333333334,1600000US4725440
Fairview,2012,,176479.83333333334,1600000US4725440
Fairview,2013,,181835.16666666666,1600000US4725440
Fairview,2014,,191152.83333333334,1600000US4725440
Thompson's Station,2015,1394.0774682450967,314910.3333333333,1600000US4773900
Thompson's Station,2016,1500.1503785911439,337853.9166666667,1600000US4773900
Thompson's Station,2017,1583.8612984216766,366030.0,1600000US4773900
Thompson's Station,2018,1657.509158771901,388006.4166666667,1600000US4773900
Thompson's Station,2019,1692.6898428569823,399482.3333333333,1600000US4773900
Thompson's Station,2020,1764.2712623141524,418114.8333333333,1600000US4773900
Thompson's Station,2021,1985.8680943829688,512849.0,1600000US4773900
Thompson's Station,2022,2268.3649500128304,679513.8888888889,1600000US4773900
Thompson's Station,2000,,218930.75,1600000US4773900
Thompson's Station,2001,,221759.66666666666,1600000US4773900
Thompson's Station,2002,,223123.08333333334,1600000US4773900
Thompson's Station,2003,,228530.83333333334,1600000US4773900
Thompson's Station,2004,,236982.25,1600000US4773900
Thompson's Station,2005,,253654.33333333334,1600000US4773900
Thompson's Station,2006,,280556.9166666667,1600000US4773900
Thompson's Station,2007,,298510.8333333333,1600000US4773900
Thompson's Station,2008,,283752.75,1600000US4773900
Thompson's Station,2009,,269266.5833333333,1600000US4773900
Thompson's Station,2010,,259568.58333333334,1600000US4773900
Thompson's Station,2011,,257038.0,1600000US4773900
Thompson's Station,2012,,261709.33333333334,1600000US4773900
Thompson's Station,2013,,279325.6666666667,1600000US4773900
Thompson's Station,2014,,297404.0,1600000US4773900
Millersville,2015,1142.3874187826002,157695.5,1600000US4748980
Millersville,2016,1235.4611112778628,173714.25,1600000US4748980
Millersville,2017,1284.5032589811553,190679.0,1600000US4748980
Millersville,2018,1323.2720896881115,207930.16666666666,1600000US4748980
Millersville,2019,1393.574165958824,222849.66666666666,1600000US4748980
Millersville,2020,1515.1267615661639,237019.83333333334,1600000US4748980
Millersville,2021,1786.2502950177059,276005.6666666667,1600000US4748980
Millersville,2022,2112.792550198131,344495.1111111111,1600000US4748980
Millersville,2000,,122860.58333333333,1600000US4748980
Millersville,2001,,127803.33333333333,1600000US4748980
Millersville,2002,,128787.08333333333,1600000US4748980
Millersville,2003,,131258.0,1600000US4748980
Millersville,2004,,134356.75,1600000US4748980
Millersville,2005,,141951.08333333334,1600000US4748980
Millersville,2006,,149359.58333333334,1600000US4748980
Millersville,2007,,156546.0,1600000US4748980
Millersville,2008,,155533.58333333334,1600000US4748980
Millersville,2009,,150310.41666666666,1600000US4748980
Millersville,2010,,146496.91666666666,1600000US4748980
Millersville,2011,,140884.75,1600000US4748980
Millersville,2012,,137414.5,1600000US4748980
Millersville,2013,,142336.0,1600000US4748980
Millersville,2014,,150291.41666666666,1600000US4748980
Davidson County,2015,1237.010196943859,200834.16666666666,0500000US47037
Davidson County,2016,1310.216615443273,226518.5,0500000US47037
Davidson County,2017,1366.918839326426,252923.5,0500000US47037
Davidson County,2018,1402.3970888345473,274461.5833333333,0500000US47037
Davidson County,2019,1459.8337065986682,284023.75,0500000US47037
Davidson County,2020,1498.9238311240633,302516.25,0500000US47037
Davidson County,2021,1623.4746159509598,349376.5,0500000US47037
Davidson County,2022,1863.0720425034804,436140.22222222225,0500000US47037
Davidson County,2000,,143339.25,0500000US47037
Davidson County,2001,,147717.83333333334,0500000US47037
Davidson County,2002,,151640.41666666666,0500000US47037
Davidson County,2003,,154965.33333333334,0500000US47037
Davidson County,2004,,159995.66666666666,0500000US47037
Davidson County,2005,,169452.41666666666,0500000US47037
Davidson County,2006,,181484.08333333334,0500000US47037
Davidson County,2007,,189508.5,0500000US47037
Davidson County,2008,,187655.5,0500000US47037
Davidson County,2009,,178986.08333333334,0500000US47037
Davidson County,2010,,173947.33333333334,0500000US47037
Davidson County,2011,,164963.0,0500000US47037
Davidson County,2012,,163932.58333333334,0500000US47037
Davidson County,2013,,172468.58333333334,0500000US47037
Davidson County,2014,,184843.58333333334,0500000US47037
Rutherford County,2015,1224.8156227481225,177134.16666666666,0500000US47149
Rutherford County,2016,1286.4218222982927,197239.91666666666,0500000US47149
Rutherford County,2017,1342.4665406426745,220289.75,0500000US47149
Rutherford County,2018,1396.899164418108,242143.41666666666,0500000US47149
Rutherford County,2019,1460.3502382223735,254914.0,0500000US47149
Rutherford County,2020,1518.405140537592,269383.9166666667,0500000US47149
Rutherford County,2021,1688.17231406716,313467.4,0500000US47149
Rutherford County,2022,1925.5676645394035,399041.22222222225,0500000US47149
Rutherford County,2000,,131334.33333333334,0500000US47149
Rutherford County,2001,,135086.5,0500000US47149
Rutherford County,2002,,137551.58333333334,0500000US47149
Rutherford County,2003,,140931.33333333334,0500000US47149
Rutherford County,2004,,145444.66666666666,0500000US47149
Rutherford County,2005,,153555.83333333334,0500000US47149
Rutherford County,2006,,163405.66666666666,0500000US47149
Rutherford County,2007,,170838.75,0500000US47149
Rutherford County,2008,,169513.0,0500000US47149
Rutherford County,2009,,162683.91666666666,0500000US47149
Rutherford County,2010,,159805.41666666666,0500000US47149
Rutherford County,2011,,151601.75,0500000US47149
Rutherford County,2012,,151770.08333333334,0500000US47149
Rutherford County,2013,,158309.83333333334,0500000US47149
Rutherford County,2014,,165346.16666666666,0500000US47149
Williamson County,2015,1538.8196078777103,398605.6666666667,0500000US47187
Williamson County,2016,1591.6144123208298,424950.25,0500000US47187
Williamson County,2017,1636.658103769528,454245.75,0500000US47187
Williamson County,2018,1674.6104630603688,476609.75,0500000US47187
Williamson County,2019,1718.2025891645271,493394.3333333333,0500000US47187
Williamson County,2020,1752.4142110772761,516560.3333333333,0500000US47187
Williamson County,2021,1996.0051807333427,631457.5,0500000US47187
Williamson County,2022,2245.032358696535,828841.0,0500000US47187
Williamson County,2000,,246047.91666666666,0500000US47187
Williamson County,2001,,251541.08333333334,0500000US47187
Williamson County,2002,,257572.41666666666,0500000US47187
Williamson County,2003,,265580.5833333333,0500000US47187
Williamson County,2004,,279491.5833333333,0500000US47187
Williamson County,2005,,302888.0,0500000US47187
Williamson County,2006,,340136.25,0500000US47187
Williamson County,2007,,367322.5833333333,0500000US47187
Williamson County,2008,,355829.0,0500000US47187
Williamson County,2009,,338138.9166666667,0500000US47187
Williamson County,2010,,326413.1666666667,0500000US47187
Williamson County,2011,,326968.5833333333,0500000US47187
Williamson County,2012,,333152.75,0500000US47187
Williamson County,2013,,354208.5833333333,0500000US47187
Williamson County,2014,,376646.8333333333,0500000US47187
Montgomery County,2015,963.2189741479818,160342.16666666666,0500000US47125
Montgomery County,2016,971.542921876376,162350.66666666666,0500000US47125
Montgomery County,2017,996.5020093617094,166994.08333333334,0500000US47125
Montgomery County,2018,1034.8102339111229,176839.66666666666,0500000US47125
Montgomery County,2019,1097.3456718410296,185471.0,0500000US47125
Montgomery County,2020,1162.0976856265913,201859.0,0500000US47125
Montgomery County,2021,1316.254686332714,237988.66666666666,0500000US47125
Montgomery County,2022,1485.5080151838438,291470.55555555556,0500000US47125
Montgomery County,2000,,117769.91666666667,0500000US47125
Montgomery County,2001,,120565.0,0500000US47125
Montgomery County,2002,,121443.16666666667,0500000US47125
Montgomery County,2003,,123184.75,0500000US47125
Montgomery County,2004,,127304.75,0500000US47125
Montgomery County,2005,,136255.33333333334,0500000US47125
Montgomery County,2006,,147425.33333333334,0500000US47125
Montgomery County,2007,,156200.5,0500000US47125
Montgomery County,2008,,155925.41666666666,0500000US47125
Montgomery County,2009,,156610.83333333334,0500000US47125
Montgomery County,2010,,156178.41666666666,0500000US47125
Montgomery County,2011,,156772.33333333334,0500000US47125
Montgomery County,2012,,158235.91666666666,0500000US47125
Montgomery County,2013,,157819.33333333334,0500000US47125
Montgomery County,2014,,160248.66666666666,0500000US47125
Sumner County,2015,1087.7781913477988,202206.58333333334,0500000US47165
Sumner County,2016,1138.4502887856609,222072.83333333334,0500000US47165
Sumner County,2017,1184.200608493037,242652.0,0500000US47165
Sumner County,2018,1229.8317106788588,263993.0833333333,0500000US47165
Sumner County,2019,1279.0411078954871,275958.0833333333,0500000US47165
Sumner County,2020,1314.1089673088889,280323.0833333333,0500000US47165
Sumner County,2021,1473.428000520889,334114.0833333333,0500000US47165
Sumner County,2022,1673.7707076897163,417204.1111111111,0500000US47165
Sumner County,2000,,151821.16666666666,0500000US47165
Sumner County,2001,,156365.16666666666,0500000US47165
Sumner County,2002,,159413.0,0500000US47165
Sumner County,2003,,161874.75,0500000US47165
Sumner County,2004,,167943.25,0500000US47165
Sumner County,2005,,177690.75,0500000US47165
Sumner County,2006,,188424.0,0500000US47165
Sumner County,2007,,199041.91666666666,0500000US47165
Sumner County,2008,,198584.41666666666,0500000US47165
Sumner County,2009,,192040.41666666666,0500000US47165
Sumner County,2010,,188089.83333333334,0500000US47165
Sumner County,2011,,182932.08333333334,0500000US47165
Sumner County,2012,,179513.41666666666,0500000US47165
Sumner County,2013,,185997.75,0500000US47165
Sumner County,2014,,197392.58333333334,0500000US47165
Wilson County,2015,1465.1424876987599,239260.33333333334,0500000US47189
Wilson County,2016,1534.4481982428435,261397.83333333334,0500000US47189
Wilson County,2017,1587.4235292998267,282482.5833333333,0500000US47189
Wilson County,2018,1653.038259825148,306046.5,0500000US47189
Wilson County,2019,1718.7074681348558,316594.75,0500000US47189
Wilson County,2020,1798.1026903694583,326869.5833333333,0500000US47189
Wilson County,2021,1946.3207410467185,374011.4166666667,0500000US47189
Wilson County,2022,2162.8143689231047,478611.6666666667,0500000US47189
Wilson County,2000,,166463.58333333334,0500000US47189
Wilson County,2001,,172919.41666666666,0500000US47189
Wilson County,2002,,176935.0,0500000US47189
Wilson County,2003,,179719.83333333334,0500000US47189
Wilson County,2004,,184291.08333333334,0500000US47189
Wilson County,2005,,193702.5,0500000US47189
Wilson County,2006,,211418.58333333334,0500000US47189
Wilson County,2007,,223653.41666666666,0500000US47189
Wilson County,2008,,221668.25,0500000US47189
Wilson County,2009,,211450.58333333334,0500000US47189
Wilson County,2010,,206553.91666666666,0500000US47189
Wilson County,2011,,202360.5,0500000US47189
Wilson County,2012,,200814.58333333334,0500000US47189
Wilson County,2013,,208392.41666666666,0500000US47189
Wilson County,2014,,221860.08333333334,0500000US47189
Maury County,2015,1121.4941864656194,165958.25,0500000US47119
Maury County,2016,1162.3629745687126,179692.41666666666,0500000US47119
Maury County,2017,1219.6552084747802,203189.5,0500000US47119
Maury County,2018,1252.136133785277,225689.25,0500000US47119
Maury County,2019,1300.3380451061773,237541.75,0500000US47119
Maury County,2020,1346.672724123574,256677.08333333334,0500000US47119
Maury County,2021,1517.1902268959009,303279.25,0500000US47119
Maury County,2022,1705.8315808850248,395894.44444444444,0500000US47119
Maury County,2000,,127015.66666666667,0500000US47119
Maury County,2001,,129578.58333333333,0500000US47119
Maury County,2002,,132731.75,0500000US47119
Maury County,2003,,134085.33333333334,0500000US47119
Maury County,2004,,138831.0,0500000US47119
Maury County,2005,,145387.91666666666,0500000US47119
Maury County,2006,,153933.25,0500000US47119
Maury County,2007,,163507.5,0500000US47119
Maury County,2008,,164482.45454545456,0500000US47119
Maury County,2009,,153376.75,0500000US47119
Maury County,2010,,148353.33333333334,0500000US47119
Maury County,2011,,139051.25,0500000US47119
Maury County,2012,,136138.66666666666,0500000US47119
Maury County,2013,,144618.33333333334,0500000US47119
Maury County,2014,,155595.83333333334,0500000US47119
Robertson County,2015,762.1062840557466,166870.5,0500000US47147
Robertson County,2016,970.3202321129753,181669.91666666666,0500000US47147
Robertson County,2017,1008.6900054779824,199002.0,0500000US47147
Robertson County,2018,1061.0481942690524,219990.75,0500000US47147
Robertson County,2019,1127.8861846708808,226896.0,0500000US47147
Robertson County,2020,1197.5362965842835,247810.83333333334,0500000US47147
Robertson County,2021,1347.6591990340453,281443.0833333333,0500000US47147
Robertson County,2022,1542.6218850348027,357544.44444444444,0500000US47147
Robertson County,2000,,122531.83333333333,0500000US47147
Robertson County,2001,,126615.83333333333,0500000US47147
Robertson County,2002,,127461.5,0500000US47147
Robertson County,2003,,132038.41666666666,0500000US47147
Robertson County,2004,,134509.08333333334,0500000US47147
Robertson County,2005,,141068.0,0500000US47147
Robertson County,2006,,149635.91666666666,0500000US47147
Robertson County,2007,,157100.58333333334,0500000US47147
Robertson County,2008,,155864.08333333334,0500000US47147
Robertson County,2009,,156049.83333333334,0500000US47147
Robertson County,2010,,153405.16666666666,0500000US47147
Robertson County,2011,,147233.41666666666,0500000US47147
Robertson County,2012,,143283.41666666666,0500000US47147
Robertson County,2013,,149871.16666666666,0500000US47147
Robertson County,2014,,158201.25,0500000US47147
Cheatham County,2015,448.3367889764935,168836.08333333334,0500000US47021
Cheatham County,2016,511.59797807514377,176572.41666666666,0500000US47021
Cheatham County,2017,678.2614960955692,200445.25,0500000US47021
Cheatham County,2018,925.0043225426339,213281.25,0500000US47021
Cheatham County,2019,1079.6499202554621,227438.41666666666,0500000US47021
Cheatham County,2020,1224.53242210474,238733.58333333334,0500000US47021
Cheatham County,2021,1324.1283569516133,281104.25,0500000US47021
Cheatham County,2022,1551.3560730098593,327099.55555555556,0500000US47021
Cheatham County,2000,,119590.58333333333,0500000US47021
Cheatham County,2001,,126270.91666666667,0500000US47021
Cheatham County,2002,,130705.83333333333,0500000US47021
Cheatham County,2003,,134685.08333333334,0500000US47021
Cheatham County,2004,,137208.83333333334,0500000US47021
Cheatham County,2005,,142476.08333333334,0500000US47021
Cheatham County,2006,,149589.83333333334,0500000US47021
Cheatham County,2007,,158834.33333333334,0500000US47021
Cheatham County,2008,,162501.16666666666,0500000US47021
Cheatham County,2009,,158908.08333333334,0500000US47021
Cheatham County,2010,,154226.41666666666,0500000US47021
Cheatham County,2011,,150001.41666666666,0500000US47021
Cheatham County,2012,,149363.75,0500000US47021
Cheatham County,2013,,151938.5,0500000US47021
Cheatham County,2014,,156881.875,0500000US47021
US,2015,1411.9471000098297,197727.08333333334,0100000US
US,2016,1462.7794723718832,208348.41666666666,0100000US
US,2017,1516.5174770132014,221137.25,0100000US
US,2018,1574.0092321184165,235533.58333333334,0100000US
US,2019,1635.917058469782,246298.33333333334,0100000US
US,2020,1668.0058736645433,258838.58333333334,0100000US
US,2021,1805.4811334454873,298537.3333333333,0100000US
US,2022,2029.4699718464044,346896.8888888889,0100000US
US,2000,,131930.25,0100000US
US,2001,,141489.91666666666,0100000US
US,2002,,151212.5,0100000US
US,2003,,162683.5,0100000US
US,2004,,177970.83333333334,0100000US
US,2005,,198709.25,0100000US
US,2006,,215688.25,0100000US
US,2007,,216918.91666666666,0100000US
US,2008,,202685.16666666666,0100000US
US,2009,,184031.0,0100000US
US,2010,,177867.41666666666,0100000US
US,2011,,168298.16666666666,0100000US
US,2012,,166595.83333333334,0100000US
US,2013,,177489.16666666666,0100000US
US,2014,,189092.91666666666,0100000US
GNRC,2015,8687.672754443634,2285062.1666666665,None
GNRC,2016,9367.996568585839,2453242.5,None
GNRC,2017,9799.042574627987,2670547.9166666665,None
GNRC,2018,10377.63943753984,2881008.3333333335,None
GNRC,2019,10941.016886783284,3023389.5833333335,None
GNRC,2020,11460.75542097343,3195542.6363636362,None
GNRC,2021,12779.110841794067,3730476.3333333335,None
GNRC,2022,14482.951989174338,4593947.333333333,None
GNRC,2000,,1602008.9166666667,None
GNRC,2001,,1658857.1666666667,None
GNRC,2002,,1695294.25,None
GNRC,2003,,1739025.125,None
GNRC,2004,,1793536.5,None
GNRC,2005,,1903668.25,None
GNRC,2006,,2053322.25,None
GNRC,2007,,2165993.25,None
GNRC,2008,,2155476.9166666665,None
GNRC,2009,,2091925.0833333333,None
GNRC,2010,,2043938.8333333333,None
GNRC,2011,,1996582.9166666667,None
GNRC,2012,,1994014.9,None
GNRC,2013,,2060518.75,None
GNRC,2014,,2155914.375,None
GNRC Region,2015,9804.450139397177,2451020.4166666665,None
GNRC Region,2016,10540.174195981184,2632934.9166666665,None
GNRC Region,2017,11020.919784143707,2873737.4166666665,None
GNRC Region,2018,11629.775571325117,3106697.5833333335,None
GNRC Region,2019,12241.35493188946,3260931.3333333335,None
GNRC Region,2020,12807.920046186207,3452847.6363636362,None
GNRC Region,2021,14304.626841106518,4036469.3333333335,None
GNRC Region,2022,16192.984882081117,4989841.777777778,None
GNRC Region,2000,,1729024.5833333333,None
GNRC Region,2001,,1788435.75,None
GNRC Region,2002,,1828026.0,None
GNRC Region,2003,,1873383.875,None
GNRC Region,2004,,1932367.5,None
GNRC Region,2005,,2049056.1666666667,None
GNRC Region,2006,,2207255.5,None
GNRC Region,2007,,2329500.75,None
GNRC Region,2008,,2318370.090909091,None
GNRC Region,2009,,2245301.8333333335,None
GNRC Region,2010,,2192292.1666666665,None
GNRC Region,2011,,2135634.1666666665,None
GNRC Region,2012,,2130165.2,None
GNRC Region,2013,,2205137.0833333335,None
GNRC Region,2014,,2310867.5,None
MPO,2015,8431.765805071225,1550869.6666666667,None
MPO,2016,9056.031332998988,1693541.6666666667,None
MPO,2017,9345.16644958807,1854785.0833333333,None
MPO,2018,9669.96101487136,2008934.3333333333,None
MPO,2019,10064.35933979297,2089322.6666666667,None
MPO,2020,10423.562418346684,2200141.0833333335,None
MPO,2021,11649.724274442717,2579066.2,None
MPO,2022,13118.710608272067,3313277.111111111,None
MPO,2000,,1088553.75,None
MPO,2001,,1119824.4166666667,None
MPO,2002,,1143305.6666666667,None
MPO,2003,,1169195.5833333333,None
MPO,2004,,1210506.3333333333,None
MPO,2005,,1283745.4166666667,None
MPO,2006,,1388437.75,None
MPO,2007,,1470973.25,None
MPO,2008,,1452335.8181818181,None
MPO,2009,,1392726.5,None
MPO,2010,,1356568.1666666667,None
MPO,2011,,1315110.5833333333,None
MPO,2012,,1308605.5,None
MPO,2013,,1373866.6666666667,None
MPO,2014,,1459886.3333333333,None
Dickson County,2000,,104686.16666666667,0500000US47043
Dickson County,2001,,109824.5,0500000US47043
Dickson County,2002,,112899.16666666667,0500000US47043
Dickson County,2003,,111670.25,0500000US47043
Dickson County,2004,,111552.75,0500000US47043
Dickson County,2005,,117954.66666666667,0500000US47043
Dickson County,2006,,126330.08333333333,0500000US47043
Dickson County,2007,,131680.83333333334,0500000US47043
Dickson County,2008,,134540.83333333334,0500000US47043
Dickson County,2009,,130947.16666666667,0500000US47043
Dickson County,2010,,127134.25,0500000US47043
Dickson County,2011,,124036.16666666667,0500000US47043
Dickson County,2012,,123234.5,0500000US47043
Dickson County,2013,,122979.16666666667,0500000US47043
Dickson County,2014,,128848.66666666667,0500000US47043
Dickson County,2015,,138922.33333333334,0500000US47043
Dickson County,2016,,142824.08333333334,0500000US47043
Dickson County,2017,,158169.5,0500000US47043
Dickson County,2018,,175090.33333333334,0500000US47043
Dickson County,2019,,193300.0,0500000US47043
Dickson County,2020,,205284.08333333334,0500000US47043
Dickson County,2021,,232331.66666666666,0500000US47043
Dickson County,2022,,281327.6666666667,0500000US47043
"Macon County, Tennessee",2000,,68334.0,0500000US47111
"Macon County, Tennessee",2001,,71905.5,0500000US47111
"Macon County, Tennessee",2002,,75036.0,0500000US47111
"Macon County, Tennessee",2003,,78348.0,0500000US47111
"Macon County, Tennessee",2004,,81778.58333333333,0500000US47111
"Macon County, Tennessee",2005,,87461.5,0500000US47111
"Macon County, Tennessee",2006,,93329.58333333333,0500000US47111
"Macon County, Tennessee",2007,,94826.125,0500000US47111
"Macon County, Tennessee",2008,,90566.41666666667,0500000US47111
"Macon County, Tennessee",2009,,88590.25,0500000US47111
"Macon County, Tennessee",2010,,85368.41666666667,0500000US47111
"Macon County, Tennessee",2011,,82550.66666666667,0500000US47111
"Macon County, Tennessee",2012,,81977.25,0500000US47111
"Macon County, Tennessee",2013,,82986.58333333333,0500000US47111
"Macon County, Tennessee",2014,,86036.5,0500000US47111
"Macon County, Tennessee",2015,,89137.75,0500000US47111
"Macon County, Tennessee",2016,,94452.75,0500000US47111
"Macon County, Tennessee",2017,,102316.08333333333,0500000US47111
"Macon County, Tennessee",2018,,111912.91666666667,0500000US47111
"Macon County, Tennessee",2019,,119633.33333333333,0500000US47111
"Macon County, Tennessee",2020,,127983.45454545454,0500000US47111
"Macon County, Tennessee",2021,,143206.45454545456,0500000US47111
"Macon County, Tennessee",2022,,166173.22222222222,0500000US47111
Humphreys County,2000,,80107.75,0500000US47085
Humphreys County,2001,,82980.0,0500000US47085
Humphreys County,2002,,84337.66666666667,0500000US47085
Humphreys County,2003,,86472.16666666667,0500000US47085
Humphreys County,2004,,89681.25,0500000US47085
Humphreys County,2005,,95077.91666666667,0500000US47085
Humphreys County,2006,,101727.16666666667,0500000US47085
Humphreys County,2007,,106063.33333333333,0500000US47085
Humphreys County,2008,,106905.08333333333,0500000US47085
Humphreys County,2009,,104273.58333333333,0500000US47085
Humphreys County,2010,,100293.91666666667,0500000US47085
Humphreys County,2011,,97270.66666666667,0500000US47085
Humphreys County,2012,,97177.41666666667,0500000US47085
Humphreys County,2013,,99396.0,0500000US47085
Humphreys County,2014,,103183.16666666667,0500000US47085
Humphreys County,2015,,108431.33333333333,0500000US47085
Humphreys County,2016,,113790.33333333333,0500000US47085
Humphreys County,2017,,121680.25,0500000US47085
Humphreys County,2018,,129799.66666666667,0500000US47085
Humphreys County,2019,,137824.16666666666,0500000US47085
Humphreys County,2020,,146426.54545454544,0500000US47085
Humphreys County,2021,,165494.0909090909,0500000US47085
Humphreys County,2022,,193032.55555555556,0500000US47085
Stewart County,2000,,75838.5,0500000US47161
Stewart County,2001,,79066.33333333333,0500000US47161
Stewart County,2002,,80869.16666666667,0500000US47161
Stewart County,2003,,83683.16666666667,0500000US47161
Stewart County,2004,,87530.16666666667,0500000US47161
Stewart County,2005,,93984.58333333333,0500000US47161
Stewart County,2006,,101505.41666666667,0500000US47161
Stewart County,2007,,106391.41666666667,0500000US47161
Stewart County,2008,,107408.58333333333,0500000US47161
Stewart County,2009,,107033.16666666667,0500000US47161
Stewart County,2010,,107480.91666666667,0500000US47161
Stewart County,2011,,106032.08333333333,0500000US47161
Stewart County,2012,,107387.66666666667,0500000US47161
Stewart County,2013,,109195.58333333333,0500000US47161
Stewart County,2014,,112828.75,0500000US47161
Stewart County,2015,,117643.91666666667,0500000US47161
Stewart County,2016,,124461.08333333333,0500000US47161
Stewart County,2017,,134300.33333333334,0500000US47161
Stewart County,2018,,143365.91666666666,0500000US47161
Stewart County,2019,,149901.25,0500000US47161
Stewart County,2020,,158579.75,0500000US47161
Stewart County,2021,,178020.9090909091,0500000US47161
Stewart County,2022,,201642.33333333334,0500000US47161
Trousdale County,2000,,84719.25,0500000US47169
Trousdale County,2001,,89542.58333333333,0500000US47169
Trousdale County,2002,,91229.91666666667,0500000US47169
Trousdale County,2003,,95054.91666666667,0500000US47169
Trousdale County,2004,,99774.0,0500000US47169
Trousdale County,2005,,106093.58333333333,0500000US47169
Trousdale County,2006,,113411.16666666667,0500000US47169
Trousdale County,2007,,116828.91666666667,0500000US47169
Trousdale County,2008,,116368.83333333333,0500000US47169
Trousdale County,2009,,113943.58333333333,0500000US47169
Trousdale County,2010,,110353.75,0500000US47169
Trousdale County,2011,,106789.16666666667,0500000US47169
Trousdale County,2012,,106525.5,0500000US47169
Trousdale County,2013,,107495.91666666667,0500000US47169
Trousdale County,2014,,110397.66666666667,0500000US47169
Trousdale County,2015,,114200.83333333333,0500000US47169
Trousdale County,2016,,120968.08333333333,0500000US47169
Trousdale County,2017,,130931.33333333333,0500000US47169
Trousdale County,2018,,143575.5,0500000US47169
Trousdale County,2019,,153566.08333333334,0500000US47169
Trousdale County,2020,,161939.33333333334,0500000US47169
Trousdale County,2021,,186626.18181818182,0500000US47169
Trousdale County,2022,,219202.44444444444,0500000US47169
Houston County,2000,,57758.666666666664,0500000US47083
Houston County,2001,,60362.0,0500000US47083
Houston County,2002,,63235.416666666664,0500000US47083
Houston County,2003,,65659.75,0500000US47083
Houston County,2004,,68809.41666666667,0500000US47083
Houston County,2005,,73468.58333333333,0500000US47083
Houston County,2006,,78828.75,0500000US47083
Houston County,2007,,82528.16666666667,0500000US47083
Houston County,2008,,82712.75,0500000US47083
Houston County,2009,,80858.91666666667,0500000US47083
Houston County,2010,,80056.33333333333,0500000US47083
Houston County,2011,,79621.75,0500000US47083
Houston County,2012,,80018.66666666667,0500000US47083
Houston County,2013,,82445.91666666667,0500000US47083
Houston County,2014,,86446.83333333333,0500000US47083
Houston County,2015,,91774.08333333333,0500000US47083
Houston County,2016,,98426.58333333333,0500000US47083
Houston County,2017,,106431.58333333333,0500000US47083
Houston County,2018,,115810.91666666667,0500000US47083
Houston County,2019,,124107.75,0500000US47083
Houston County,2020,,131367.66666666666,0500000US47083
Houston County,2021,,142875.72727272726,0500000US47083
Houston County,2022,,162789.55555555556,0500000US47083
Tennessee,2000,,116295.58333333333,0400000US47
Tennessee,2001,,120232.58333333333,0400000US47
Tennessee,2002,,123067.33333333333,0400000US47
Tennessee,2003,,126081.91666666667,0400000US47
Tennessee,2004,,130474.91666666667,0400000US47
Tennessee,2005,,137957.08333333334,0400000US47
Tennessee,2006,,147322.75,0400000US47
Tennessee,2007,,153558.25,0400000US47
Tennessee,2008,,151465.83333333334,0400000US47
Tennessee,2009,,145408.08333333334,0400000US47
Tennessee,2010,,142284.16666666666,0400000US47
Tennessee,2011,,137240.08333333334,0400000US47
Tennessee,2012,,135576.91666666666,0400000US47
Tennessee,2013,,138857.83333333334,0400000US47
Tennessee,2014,,144488.41666666666,0400000US47
Tennessee,2015,,150072.33333333334,0400000US47
Tennessee,2016,,158739.41666666666,0400000US47
Tennessee,2017,,170049.66666666666,0400000US47
Tennessee,2018,,182834.41666666666,0400000US47
Tennessee,2019,,193967.66666666666,0400000US47
Tennessee,2020,,207495.58333333334,0400000US47
Tennessee,2021,,241439.66666666666,0400000US47
Tennessee,2022,,294644.77777777775,0400000US47
